run,batch,docs_start,docs_end,elapsed_sec,rate_per_sec,rss_kb,t_rel_sec
A-nolistener,1,0,500,0.821854,608.380811,195376,1.3
A-nolistener,2,500,1000,0.176256,2836.788897,200192,1.5
A-nolistener,3,1000,1500,0.045182,11066.363900,202352,1.6
A-nolistener,4,1500,2000,0.026357,18970.262293,206080,1.6
A-nolistener,5,2000,2500,0.013894,35987.728185,207440,1.7
A-nolistener,6,2500,3000,0.017048,29328.165632,207904,1.8
A-nolistener,7,3000,3500,0.025186,19852.003315,208176,1.8
A-nolistener,8,3500,4000,0.018405,27165.915339,219120,1.9
A-nolistener,9,4000,4500,0.027290,18321.785967,219264,1.9
A-nolistener,10,4500,5000,0.025376,19703.689610,221472,2.0
A-nolistener,11,5000,5500,0.033807,14789.672372,221664,2.0
A-nolistener,12,5500,6000,0.015645,31958.581678,225648,2.1
A-nolistener,13,6000,6500,0.014490,34506.853924,240352,2.2
A-nolistener,14,6500,7000,0.013601,36761.327084,271856,2.2
A-nolistener,15,7000,7500,0.014850,33669.183438,301680,2.3
A-nolistener,16,7500,8000,0.026077,19174.045766,326448,2.4
A-nolistener,17,8000,8500,0.013447,37183.360446,357888,2.4
A-nolistener,18,8500,9000,0.015163,32974.278612,387472,2.5
A-nolistener,19,9000,9500,0.013712,36465.631398,413952,2.5
A-nolistener,20,9500,10000,0.020420,24486.247911,437536,2.6
A-nolistener,21,10000,10500,0.013992,35733.428622,462208,2.6
A-nolistener,22,10500,11000,0.020347,24574.201581,488160,2.7
A-nolistener,23,11000,11500,0.011366,43991.980086,525504,2.8
A-nolistener,24,11500,12000,0.015346,32581.691097,571872,2.9
A-nolistener,25,12000,12500,0.013094,38184.944348,571936,3.0
A-nolistener,26,12500,13000,0.016085,31084.701273,571952,3.1
A-nolistener,27,13000,13500,0.020699,24155.220675,572096,3.2
A-nolistener,28,13500,14000,0.021473,23284.830101,572144,3.3
A-nolistener,29,14000,14500,0.017679,28282.876964,571232,3.4
A-nolistener,30,14500,15000,0.018078,27657.353053,566048,3.5
A-nolistener,31,15000,15500,0.023072,21671.172465,566032,3.6
A-nolistener,32,15500,16000,0.011688,42778.764826,565360,3.6
A-nolistener,33,16000,16500,0.012632,39580.447259,565056,3.7
A-nolistener,34,16500,17000,0.013929,35896.439633,565232,3.7
A-nolistener,35,17000,17500,0.012681,39428.417275,565472,3.8
A-nolistener,36,17500,18000,0.012724,39295.046859,565600,3.9
A-nolistener,37,18000,18500,0.013946,35853.322337,570096,4.0
A-nolistener,38,18500,19000,0.011865,42142.376840,570192,4.0
A-nolistener,39,19000,19500,0.015695,31857.955317,570656,4.1
A-nolistener,40,19500,20000,0.013367,37406.365321,570736,4.1
A-nolistener,41,20000,20500,0.013609,36739.493405,571488,4.2
A-nolistener,42,20500,21000,0.013603,36756.149267,572032,4.2
A-nolistener,43,21000,21500,0.014368,34800.361116,571424,4.3
A-nolistener,44,21500,22000,0.012578,39751.025020,572496,4.4
A-nolistener,45,22000,22500,0.010068,49662.710734,574592,4.4
A-nolistener,46,22500,23000,0.014196,35220.878937,574608,4.5
A-nolistener,47,23000,23500,0.013443,37193.041182,583472,4.5
A-nolistener,48,23500,24000,0.011167,44776.623307,583536,4.6
A-nolistener,49,24000,24500,0.010786,46357.286174,583776,4.7
A-nolistener,50,24500,25000,0.013730,36417.269069,583888,4.8
A-nolistener,51,25000,25500,0.017099,29240.976761,583920,4.8
A-nolistener,52,25500,26000,0.010849,46088.790054,583936,4.9
A-nolistener,53,26000,26500,0.011272,44355.732978,584048,5.0
A-nolistener,54,26500,27000,0.012395,40338.302824,584048,5.0
A-nolistener,55,27000,27500,0.013909,35947.515764,584304,5.1
A-nolistener,56,27500,28000,0.010800,46295.940503,584368,5.1
A-nolistener,57,28000,28500,0.011741,42585.052357,607376,5.2
A-nolistener,58,28500,29000,0.015494,32271.077047,607376,5.2
A-nolistener,59,29000,29500,0.009914,50431.186646,607376,5.3
A-nolistener,60,29500,30000,0.012652,39518.793874,607376,5.3
A-nolistener,61,30000,30500,0.010602,47162.581208,607376,5.3
A-nolistener,62,30500,31000,0.015491,32276.718377,607376,5.4
A-nolistener,63,31000,31500,0.013657,36612.266940,607376,5.4
A-nolistener,64,31500,32000,0.016111,31034.375101,607376,5.5
A-nolistener,65,32000,32500,0.014435,34638.932428,607376,5.5
A-nolistener,66,32500,33000,0.010003,49987.088335,607376,5.5
A-nolistener,67,33000,33500,0.014208,35190.822234,607376,5.6
A-nolistener,68,33500,34000,0.012806,39043.054729,607376,5.6
A-nolistener,69,34000,34500,0.009593,52119.757443,607376,5.7
A-nolistener,70,34500,35000,0.009805,50992.877213,607376,5.7
A-nolistener,71,35000,35500,0.014756,33884.138069,607376,5.7
A-nolistener,72,35500,36000,0.010541,47432.704850,607376,5.7
A-nolistener,73,36000,36500,0.010195,49042.648272,607376,5.8
A-nolistener,74,36500,37000,0.011773,42471.111999,607376,5.8
A-nolistener,75,37000,37500,0.011367,43985.528761,607376,5.9
A-nolistener,76,37500,38000,0.012086,41371.604384,607376,5.9
A-nolistener,77,38000,38500,0.065354,7650.645923,607376,5.9
A-nolistener,78,38500,39000,0.021118,23676.437427,607376,6.0
A-nolistener,79,39000,39500,0.033654,14856.946474,607376,6.0
A-nolistener,80,39500,40000,0.022581,22142.427801,607376,6.0
A-nolistener,81,40000,40500,0.098901,5055.569148,607376,6.1
A-nolistener,82,40500,41000,0.017472,28617.556802,607376,6.1
A-nolistener,83,41000,41500,0.024051,20789.120937,607376,6.2
A-nolistener,84,41500,42000,0.013462,37142.505244,607376,6.2
A-nolistener,85,42000,42500,0.012083,41381.164221,607376,6.2
A-nolistener,86,42500,43000,0.011212,44594.082365,607376,6.3
A-nolistener,87,43000,43500,0.009228,54182.674938,607376,6.3
A-nolistener,88,43500,44000,0.028278,17681.538031,607376,6.3
A-nolistener,89,44000,44500,0.053740,9304.020558,607376,6.4
A-nolistener,90,44500,45000,0.085127,5873.582922,607376,6.4
A-nolistener,91,45000,45500,0.166373,3005.292314,607376,6.4
A-nolistener,92,45500,46000,0.012682,39424.661719,607376,6.5
A-nolistener,93,46000,46500,0.010601,47163.693389,607376,6.5
A-nolistener,94,46500,47000,0.008964,55777.114650,607376,6.5
A-nolistener,95,47000,47500,0.021628,23118.403539,607376,6.6
A-nolistener,96,47500,48000,0.014169,35287.994142,607376,6.6
A-nolistener,97,48000,48500,0.015875,31496.394324,607376,6.7
A-nolistener,98,48500,49000,0.020988,23823.090492,607376,6.7
A-nolistener,99,49000,49500,0.020929,23890.675885,607376,6.7
A-nolistener,100,49500,50000,0.025350,19723.801299,607376,6.7
A-nolistener,101,50000,50500,0.012391,40350.373592,607376,6.8
A-nolistener,102,50500,51000,0.015451,32361.324282,607376,6.8
A-nolistener,103,51000,51500,0.013921,35918.035904,607376,6.9
A-nolistener,104,51500,52000,0.022256,22465.725727,607376,6.9
A-nolistener,105,52000,52500,0.015247,32794.233305,607376,6.9
A-nolistener,106,52500,53000,0.020161,24800.766760,607376,7.0
A-nolistener,107,53000,53500,0.014652,34124.549692,607376,7.0
A-nolistener,108,53500,54000,0.009407,53153.320754,607376,7.0
A-nolistener,109,54000,54500,0.015105,33100.982093,607360,7.1
A-nolistener,110,54500,55000,0.017994,27787.168297,607296,7.1
A-nolistener,111,55000,55500,0.018590,26896.603217,607280,7.2
A-nolistener,112,55500,56000,0.022429,22292.982129,607104,7.2
A-nolistener,113,56000,56500,0.006783,73716.869427,606880,7.3
A-nolistener,114,56500,57000,0.047397,10549.209350,606864,7.3
A-nolistener,115,57000,57500,0.011391,43896.071310,606864,7.3
A-nolistener,116,57500,58000,0.016688,29961.124841,606864,7.4
A-nolistener,117,58000,58500,0.008790,56883.902117,606864,7.4
A-nolistener,118,58500,59000,0.007273,68748.206531,606864,7.5
A-nolistener,119,59000,59500,0.007111,70312.362671,606864,7.5
A-nolistener,120,59500,60000,0.011996,41679.545646,606864,7.5
A-nolistener,121,60000,60500,0.006231,80238.571741,606816,7.6
A-nolistener,122,60500,61000,0.008196,61005.055855,606816,7.6
A-nolistener,123,61000,61500,0.013149,38025.222434,606816,7.6
A-nolistener,124,61500,62000,0.008427,59332.215910,606336,7.7
A-nolistener,125,62000,62500,0.022611,22112.968433,604592,7.7
A-nolistener,126,62500,63000,0.009714,51471.879574,604592,7.8
A-nolistener,127,63000,63500,0.006456,77446.328146,604592,7.8
A-nolistener,128,63500,64000,0.014323,34909.394760,604592,7.8
A-nolistener,129,64000,64500,0.009481,52738.910958,604592,7.9
A-nolistener,130,64500,65000,0.014735,33931.949475,604736,7.9
A-nolistener,131,65000,65500,0.010078,49612.201268,604736,8.0
A-nolistener,132,65500,66000,0.014287,34995.931723,604736,8.0
A-nolistener,133,66000,66500,0.016309,30658.153919,604736,8.0
A-nolistener,134,66500,67000,0.009295,53795.012170,604736,8.1
A-nolistener,135,67000,67500,0.008016,62372.331634,604736,8.1
A-nolistener,136,67500,68000,0.006278,79644.784262,604736,8.2
A-nolistener,137,68000,68500,0.008494,58864.214972,604736,8.2
A-nolistener,138,68500,69000,0.006735,74236.746031,604736,8.2
A-nolistener,139,69000,69500,0.014529,34413.634682,604736,8.3
A-nolistener,140,69500,70000,0.012671,39461.352538,604736,8.3
A-nolistener,141,70000,70500,0.008248,60617.390547,604736,8.4
A-nolistener,142,70500,71000,0.015881,31484.411281,604736,8.4
A-nolistener,143,71000,71500,0.009795,51044.279177,604736,8.5
A-nolistener,144,71500,72000,0.007318,68327.013085,604704,8.6
A-nolistener,145,72000,72500,0.007815,63978.503223,604672,8.6
A-nolistener,146,72500,73000,0.006875,72731.684235,603088,8.7
A-nolistener,147,73000,73500,0.011611,43063.076642,600832,8.8
A-nolistener,148,73500,74000,0.009541,52407.012142,600832,8.8
A-nolistener,149,74000,74500,0.013251,37733.473984,577968,8.9
A-nolistener,150,74500,75000,0.010308,48504.057267,577968,9.0
A-nolistener,151,75000,75500,0.010828,46175.513125,577968,9.0
A-nolistener,152,75500,76000,0.010118,49418.712395,577968,9.1
A-nolistener,153,76000,76500,0.007496,66701.128917,577968,9.1
A-nolistener,154,76500,77000,0.008903,56162.686679,577968,9.2
A-nolistener,155,77000,77500,0.006102,81941.475432,577968,9.2
A-nolistener,156,77500,78000,0.031506,15869.825282,577968,9.3
A-nolistener,157,78000,78500,0.006462,77380.419009,577968,9.3
A-nolistener,158,78500,79000,0.006324,79062.320874,577920,9.4
A-nolistener,159,79000,79500,0.006933,72114.524788,577920,9.4
A-nolistener,160,79500,80000,0.011229,44527.562561,577920,9.5
A-nolistener,161,80000,80500,0.006491,77025.781916,577920,9.5
A-nolistener,162,80500,81000,0.006373,78455.986192,577920,9.5
A-nolistener,163,81000,81500,0.011331,44124.948440,577920,9.6
A-nolistener,164,81500,82000,0.014870,33624.935499,577920,9.6
A-nolistener,165,82000,82500,0.006411,77986.902256,577920,9.6
A-nolistener,166,82500,83000,0.010631,47030.972341,577920,9.7
A-nolistener,167,83000,83500,0.009945,50276.945527,577920,9.7
A-nolistener,168,83500,84000,0.024564,20355.301793,577920,9.7
A-nolistener,169,84000,84500,0.011758,42526.047204,577920,9.8
A-nolistener,170,84500,85000,0.046295,10800.224722,577920,9.8
A-nolistener,171,85000,85500,0.012192,41011.060437,577920,9.8
A-nolistener,172,85500,86000,0.009834,50844.656862,577920,9.9
A-nolistener,173,86000,86500,0.008592,58193.952997,577920,9.9
A-nolistener,174,86500,87000,0.008379,59670.912531,577920,10.0
A-nolistener,175,87000,87500,0.010381,48162.986629,577920,10.0
A-nolistener,176,87500,88000,0.008074,61927.173644,577920,10.0
A-nolistener,177,88000,88500,0.013045,38327.759838,577920,10.1
A-nolistener,178,88500,89000,0.010165,49190.206230,577920,10.1
A-nolistener,179,89000,89500,0.008130,61499.669439,577920,10.1
A-nolistener,180,89500,90000,0.010706,46704.419406,577920,10.2
A-nolistener,181,90000,90500,0.021288,23487.641343,577920,10.2
A-nolistener,182,90500,91000,0.008356,59834.263876,577920,10.3
A-nolistener,183,91000,91500,0.008662,57726.441781,577920,10.4
A-nolistener,184,91500,92000,0.007791,64177.643718,577920,10.4
A-nolistener,185,92000,92500,0.014591,34267.797906,577920,10.4
A-nolistener,186,92500,93000,0.007447,67142.257658,577920,10.5
A-nolistener,187,93000,93500,0.010184,49097.224779,577920,10.5
A-nolistener,188,93500,94000,0.014465,34565.398529,577920,10.5
A-nolistener,189,94000,94500,0.016242,30784.939613,577920,10.6
A-nolistener,190,94500,95000,0.009340,53535.099271,577920,10.6
A-nolistener,191,95000,95500,0.014641,34150.770735,577920,10.7
A-nolistener,192,95500,96000,0.014095,35474.515995,577792,10.7
A-nolistener,193,96000,96500,0.008433,59290.002223,577792,10.7
A-nolistener,194,96500,97000,0.009676,51676.915922,577792,10.8
A-nolistener,195,97000,97500,0.005042,99166.190834,577792,10.8
A-nolistener,196,97500,98000,0.009030,55371.494555,577792,10.8
A-nolistener,197,98000,98500,0.014653,34122.025276,577792,10.9
A-nolistener,198,98500,99000,0.007020,71223.802995,577792,10.9
A-nolistener,199,99000,99500,0.033957,14724.432540,577792,11.0
A-nolistener,200,99500,100000,0.009894,50535.249145,577792,11.0
A2-nolistener-500k,1,0,500,0.460258,1086.346437,215568,0.5
A2-nolistener-500k,2,500,1000,0.036553,13678.861372,219216,0.5
A2-nolistener-500k,3,1000,1500,0.025022,19982.149546,222736,0.6
A2-nolistener-500k,4,1500,2000,0.019797,25256.936287,223472,0.6
A2-nolistener-500k,5,2000,2500,0.012686,39412.492168,224384,0.6
A2-nolistener-500k,6,2500,3000,0.012574,39764.723267,225024,0.7
A2-nolistener-500k,7,3000,3500,0.015057,33207.146178,225488,0.7
A2-nolistener-500k,8,3500,4000,0.011673,42835.266275,236592,0.8
A2-nolistener-500k,9,4000,4500,0.015052,33217.256737,237280,0.8
A2-nolistener-500k,10,4500,5000,0.010610,47126.095199,241376,0.9
A2-nolistener-500k,11,5000,5500,0.009695,51574.087569,242400,1.0
A2-nolistener-500k,12,5500,6000,0.010636,47010.154193,246672,1.0
A2-nolistener-500k,13,6000,6500,0.011601,43098.187325,292848,1.1
A2-nolistener-500k,14,6500,7000,0.012438,40200.332730,336096,1.2
A2-nolistener-500k,15,7000,7500,0.010425,47961.442070,363360,1.2
A2-nolistener-500k,16,7500,8000,0.015976,31296.945418,396720,1.3
A2-nolistener-500k,17,8000,8500,0.010686,46789.461553,429648,1.3
A2-nolistener-500k,18,8500,9000,0.010404,48060.365357,461808,1.3
A2-nolistener-500k,19,9000,9500,0.009720,51438.127751,494928,1.4
A2-nolistener-500k,20,9500,10000,0.016668,29997.299643,533728,1.4
A2-nolistener-500k,21,10000,10500,0.025899,19305.826572,572368,1.5
A2-nolistener-500k,22,10500,11000,0.011020,45370.506902,624912,1.5
A2-nolistener-500k,23,11000,11500,0.019504,25635.876117,625152,1.6
A2-nolistener-500k,24,11500,12000,0.010970,45578.506562,625184,1.6
A2-nolistener-500k,25,12000,12500,0.013080,38225.446343,625360,1.6
A2-nolistener-500k,26,12500,13000,0.040576,12322.529695,625728,1.7
A2-nolistener-500k,27,13000,13500,0.044036,11354.421476,625968,1.7
A2-nolistener-500k,28,13500,14000,0.013031,38368.812847,625984,1.7
A2-nolistener-500k,29,14000,14500,0.013714,36459.645881,626032,1.8
A2-nolistener-500k,30,14500,15000,0.009406,53158.265446,627024,1.8
A2-nolistener-500k,31,15000,15500,0.012287,40694.657809,627424,1.9
A2-nolistener-500k,32,15500,16000,0.013694,36513.007759,627536,1.9
A2-nolistener-500k,33,16000,16500,0.010938,45713.763271,627632,1.9
A2-nolistener-500k,34,16500,17000,0.012002,41658.279466,627760,2.0
A2-nolistener-500k,35,17000,17500,0.013838,36132.498740,627824,2.0
A2-nolistener-500k,36,17500,18000,0.020940,23877.888478,627920,2.0
A2-nolistener-500k,37,18000,18500,0.015187,32922.532557,640336,2.1
A2-nolistener-500k,38,18500,19000,0.008837,56582.951059,640512,2.1
A2-nolistener-500k,39,19000,19500,0.008357,59831.571732,640544,2.2
A2-nolistener-500k,40,19500,20000,0.010197,49033.231390,640576,2.2
A2-nolistener-500k,41,20000,20500,0.011461,43627.318345,640736,2.2
A2-nolistener-500k,42,20500,21000,0.010118,49415.254469,640928,2.3
A2-nolistener-500k,43,21000,21500,0.010218,48935.448467,641088,2.3
A2-nolistener-500k,44,21500,22000,0.008677,57621.942436,663728,2.4
A2-nolistener-500k,45,22000,22500,0.009322,53634.159467,692128,2.4
A2-nolistener-500k,46,22500,23000,0.008568,58354.973303,731024,2.4
A2-nolistener-500k,47,23000,23500,0.007909,63223.114371,778016,2.5
A2-nolistener-500k,48,23500,24000,0.008728,57284.976259,823152,2.5
A2-nolistener-500k,49,24000,24500,0.007543,66282.229734,864192,2.6
A2-nolistener-500k,50,24500,25000,0.010432,47930.596496,909920,2.6
A2-nolistener-500k,51,25000,25500,0.009276,53904.961671,910064,2.7
A2-nolistener-500k,52,25500,26000,0.007394,67623.164775,910480,2.7
A2-nolistener-500k,53,26000,26500,0.007677,65132.789475,910624,2.7
A2-nolistener-500k,54,26500,27000,0.007789,64194.815344,910672,2.8
A2-nolistener-500k,55,27000,27500,0.007546,66258.075203,911056,2.8
A2-nolistener-500k,56,27500,28000,0.007133,70095.908025,911056,2.8
A2-nolistener-500k,57,28000,28500,0.007871,63527.356468,911088,2.9
A2-nolistener-500k,58,28500,29000,0.006921,72240.409147,911184,2.9
A2-nolistener-500k,59,29000,29500,0.007700,64932.248393,911184,3.0
A2-nolistener-500k,60,29500,30000,0.006791,73625.959217,911232,3.0
A2-nolistener-500k,61,30000,30500,0.007912,63192.478983,911456,3.1
A2-nolistener-500k,62,30500,31000,0.008338,59965.821880,911488,3.1
A2-nolistener-500k,63,31000,31500,0.008141,61419.711723,911520,3.1
A2-nolistener-500k,64,31500,32000,0.008640,57871.207627,971360,3.2
A2-nolistener-500k,65,32000,32500,0.009319,53654.303392,971536,3.3
A2-nolistener-500k,66,32500,33000,0.008637,57890.746037,971648,3.3
A2-nolistener-500k,67,33000,33500,0.008153,61325.554309,971696,3.4
A2-nolistener-500k,68,33500,34000,0.009108,54897.800607,971712,3.4
A2-nolistener-500k,69,34000,34500,0.007407,67506.756751,971888,3.5
A2-nolistener-500k,70,34500,35000,0.008113,61632.020842,972128,3.5
A2-nolistener-500k,71,35000,35500,0.007108,70342.859539,972192,3.6
A2-nolistener-500k,72,35500,36000,0.008032,62254.871444,972416,3.6
A2-nolistener-500k,73,36000,36500,0.007795,64144.019231,1002256,3.7
A2-nolistener-500k,74,36500,37000,0.007659,65285.512479,1002320,3.7
A2-nolistener-500k,75,37000,37500,0.006946,71979.129507,1002352,3.7
A2-nolistener-500k,76,37500,38000,0.006150,81305.215388,1002368,3.8
A2-nolistener-500k,77,38000,38500,0.007193,69509.203853,1002384,3.8
A2-nolistener-500k,78,38500,39000,0.006604,75707.390934,1002416,3.8
A2-nolistener-500k,79,39000,39500,0.006298,79384.509669,1002432,3.9
A2-nolistener-500k,80,39500,40000,0.005943,84136.726893,1002464,3.9
A2-nolistener-500k,81,40000,40500,0.022920,21814.770781,1002480,4.0
A2-nolistener-500k,82,40500,41000,0.007973,62711.651825,1005936,4.0
A2-nolistener-500k,83,41000,41500,0.006600,75755.658910,1057936,4.1
A2-nolistener-500k,84,41500,42000,0.006155,81234.227359,1109168,4.1
A2-nolistener-500k,85,42000,42500,0.006901,72450.642999,1153568,4.2
A2-nolistener-500k,86,42500,43000,0.006434,77707.129909,1203328,4.2
A2-nolistener-500k,87,43000,43500,0.006661,75064.277541,1249520,4.3
A2-nolistener-500k,88,43500,44000,0.005974,83693.690467,1289200,4.3
A2-nolistener-500k,89,44000,44500,0.006259,79880.179730,1333568,4.3
A2-nolistener-500k,90,44500,45000,0.006019,83073.148233,1359088,4.4
A2-nolistener-500k,91,45000,45500,0.005999,83344.918277,1408768,4.4
A2-nolistener-500k,92,45500,46000,0.006889,72582.108510,1447216,4.5
A2-nolistener-500k,93,46000,46500,0.005676,88090.204369,1490992,4.5
A2-nolistener-500k,94,46500,47000,0.005780,86510.803037,1532896,4.6
A2-nolistener-500k,95,47000,47500,0.005937,84221.164779,1571328,4.6
A2-nolistener-500k,96,47500,48000,0.005617,89013.507800,1571376,4.6
A2-nolistener-500k,97,48000,48500,0.006003,83286.484686,1571376,4.7
A2-nolistener-500k,98,48500,49000,0.005641,88636.766531,1571392,4.7
A2-nolistener-500k,99,49000,49500,0.010291,48585.944941,1571296,4.8
A2-nolistener-500k,100,49500,50000,0.005986,83531.135061,1570672,4.8
A2-nolistener-500k,101,50000,50500,0.005785,86434.158780,1570704,4.8
A2-nolistener-500k,102,50500,51000,0.005464,91503.162715,1570704,4.9
A2-nolistener-500k,103,51000,51500,0.005303,94290.698223,1570704,4.9
A2-nolistener-500k,104,51500,52000,0.004635,107881.661585,1570448,4.9
A2-nolistener-500k,105,52000,52500,0.005066,98692.326672,1566368,5.0
A2-nolistener-500k,106,52500,53000,0.004646,107629.117809,1559440,5.0
A2-nolistener-500k,107,53000,53500,0.005239,95431.994874,1546624,5.1
A2-nolistener-500k,108,53500,54000,0.005326,93877.620758,1546640,5.1
A2-nolistener-500k,109,54000,54500,0.004568,109462.077082,1546880,5.1
A2-nolistener-500k,110,54500,55000,0.005099,98052.039355,1546880,5.2
A2-nolistener-500k,111,55000,55500,0.004596,108786.323209,1546896,5.2
A2-nolistener-500k,112,55500,56000,0.004893,102190.285260,1546912,5.2
A2-nolistener-500k,113,56000,56500,0.004773,104760.505960,1546928,5.3
A2-nolistener-500k,114,56500,57000,0.004719,105963.071869,1546928,5.3
A2-nolistener-500k,115,57000,57500,0.004799,104183.835295,1547168,5.4
A2-nolistener-500k,116,57500,58000,0.004783,104541.469615,1547168,5.4
A2-nolistener-500k,117,58000,58500,0.004564,109554.031829,1547168,5.5
A2-nolistener-500k,118,58500,59000,0.004932,101374.455138,1547184,5.5
A2-nolistener-500k,119,59000,59500,0.006232,80225.169588,1547200,5.5
A2-nolistener-500k,120,59500,60000,0.020309,24619.526150,1547248,5.6
A2-nolistener-500k,121,60000,60500,0.004666,107159.130022,1547280,5.6
A2-nolistener-500k,122,60500,61000,0.004809,103980.736113,1547280,5.6
A2-nolistener-500k,123,61000,61500,0.004486,111464.080700,1547280,5.7
A2-nolistener-500k,124,61500,62000,0.004657,107371.020562,1547280,5.7
A2-nolistener-500k,125,62000,62500,0.004825,103619.770155,1526384,5.8
A2-nolistener-500k,126,62500,63000,0.004552,109831.766290,1521024,5.8
A2-nolistener-500k,127,63000,63500,0.004970,100607.832279,1521040,5.9
A2-nolistener-500k,128,63500,64000,0.006135,81504.016436,1507664,5.9
A2-nolistener-500k,129,64000,64500,0.005578,89643.214627,1507168,6.0
A2-nolistener-500k,130,64500,65000,0.005299,94353.722292,1507184,6.0
A2-nolistener-500k,131,65000,65500,0.004781,104577.897461,1506560,6.1
A2-nolistener-500k,132,65500,66000,0.004792,104345.118558,1506592,6.1
A2-nolistener-500k,133,66000,66500,0.005037,99271.998725,1506592,6.2
A2-nolistener-500k,134,66500,67000,0.005385,92849.786501,1506432,6.2
A2-nolistener-500k,135,67000,67500,0.004838,103345.820953,1506432,6.2
A2-nolistener-500k,136,67500,68000,0.005696,87788.605039,1506464,6.3
A2-nolistener-500k,137,68000,68500,0.004981,100380.603095,1506464,6.3
A2-nolistener-500k,138,68500,69000,0.004721,105903.214629,1506464,6.4
A2-nolistener-500k,139,69000,69500,0.004970,100612.893502,1506512,6.4
A2-nolistener-500k,140,69500,70000,0.004433,112789.366760,1506512,6.4
A2-nolistener-500k,141,70000,70500,0.004787,104459.545116,1506512,6.5
A2-nolistener-500k,142,70500,71000,0.004858,102932.739013,1506512,6.5
A2-nolistener-500k,143,71000,71500,0.004776,104693.778028,1506512,6.6
A2-nolistener-500k,144,71500,72000,0.004922,101583.008657,1506528,6.6
A2-nolistener-500k,145,72000,72500,0.004839,103323.589230,1506528,6.6
A2-nolistener-500k,146,72500,73000,0.004626,108093.500878,1506560,6.7
A2-nolistener-500k,147,73000,73500,0.004837,103370.754925,1523744,6.7
A2-nolistener-500k,148,73500,74000,0.005958,83926.061140,1569632,6.8
A2-nolistener-500k,149,74000,74500,0.005135,97367.020505,1619888,6.8
A2-nolistener-500k,150,74500,75000,0.005054,98929.092573,1666080,6.8
A2-nolistener-500k,151,75000,75500,0.005300,94331.470979,1675616,6.9
A2-nolistener-500k,152,75500,76000,0.005028,99452.177625,1683536,6.9
A2-nolistener-500k,153,76000,76500,0.005082,98393.722481,1690384,6.9
A2-nolistener-500k,154,76500,77000,0.004256,117486.972457,1696624,7.0
A2-nolistener-500k,155,77000,77500,0.005045,99108.027750,1705664,7.0
A2-nolistener-500k,156,77500,78000,0.004695,106503.826576,1710128,7.1
A2-nolistener-500k,157,78000,78500,0.004416,113221.432817,1715936,7.1
A2-nolistener-500k,158,78500,79000,0.005226,95674.699897,1722640,7.1
A2-nolistener-500k,159,79000,79500,0.005263,94999.095609,1729536,7.2
A2-nolistener-500k,160,79500,80000,0.005968,83781.915674,1735744,7.2
A2-nolistener-500k,161,80000,80500,0.005501,90890.499671,1742336,7.3
A2-nolistener-500k,162,80500,81000,0.005108,97879.269445,1751440,7.3
A2-nolistener-500k,163,81000,81500,0.022286,22436.070884,1755632,7.4
A2-nolistener-500k,164,81500,82000,0.004718,105969.629528,1763296,7.4
A2-nolistener-500k,165,82000,82500,0.004439,112626.361146,1771616,7.4
A2-nolistener-500k,166,82500,83000,0.004797,104230.898958,1777216,7.5
A2-nolistener-500k,167,83000,83500,0.004577,109236.897253,1782160,7.5
A2-nolistener-500k,168,83500,84000,0.004567,109471.088248,1784816,7.6
A2-nolistener-500k,169,84000,84500,0.004963,100737.905155,1788528,7.6
A2-nolistener-500k,170,84500,85000,0.004248,117695.521685,1796224,7.6
A2-nolistener-500k,171,85000,85500,0.004639,107777.969623,1802112,7.7
A2-nolistener-500k,172,85500,86000,0.005498,90935.263731,1808336,7.7
A2-nolistener-500k,173,86000,86500,0.004476,111710.000838,1815056,7.7
A2-nolistener-500k,174,86500,87000,0.004346,115053.826782,1821856,7.8
A2-nolistener-500k,175,87000,87500,0.004585,109043.334475,1829600,7.8
A2-nolistener-500k,176,87500,88000,0.004297,116353.481878,1834960,7.9
A2-nolistener-500k,177,88000,88500,0.004314,115907.303829,1844832,7.9
A2-nolistener-500k,178,88500,89000,0.004933,101352.200518,1851536,7.9
A2-nolistener-500k,179,89000,89500,0.004627,108067.217809,1857280,8.0
A2-nolistener-500k,180,89500,90000,0.004352,114885.297370,1866592,8.0
A2-nolistener-500k,181,90000,90500,0.004861,102849.803495,1870736,8.0
A2-nolistener-500k,182,90500,91000,0.004427,112953.942126,1876416,8.1
A2-nolistener-500k,183,91000,91500,0.004966,100680.438677,1886384,8.2
A2-nolistener-500k,184,91500,92000,0.005371,93095.428586,1888448,8.2
A2-nolistener-500k,185,92000,92500,0.004804,104089.857026,1897632,8.2
A2-nolistener-500k,186,92500,93000,0.004752,105228.997239,1904448,8.3
A2-nolistener-500k,187,93000,93500,0.004982,100357.936617,1911088,8.3
A2-nolistener-500k,188,93500,94000,0.005370,93117.811538,1916592,8.4
A2-nolistener-500k,189,94000,94500,0.004742,105446.301471,1924080,8.4
A2-nolistener-500k,190,94500,95000,0.004623,108148.070282,1930816,8.5
A2-nolistener-500k,191,95000,95500,0.005110,97856.128788,1937120,8.5
A2-nolistener-500k,192,95500,96000,0.005066,98688.255446,1945808,8.6
A2-nolistener-500k,193,96000,96500,0.004536,110217.127742,1949856,8.6
A2-nolistener-500k,194,96500,97000,0.005002,99952.522552,1956704,8.6
A2-nolistener-500k,195,97000,97500,0.004371,114395.769553,1963328,8.7
A2-nolistener-500k,196,97500,98000,0.004371,114397.941935,1969264,8.7
A2-nolistener-500k,197,98000,98500,0.013907,35952.256267,1977632,8.8
A2-nolistener-500k,198,98500,99000,0.004669,107093.142976,1982432,8.8
A2-nolistener-500k,199,99000,99500,0.004663,107223.266934,1990080,8.8
A2-nolistener-500k,200,99500,100000,0.004795,104280.723708,1996224,8.9
A2-nolistener-500k,201,100000,100500,0.004551,109855.921761,2002240,8.9
A2-nolistener-500k,202,100500,101000,0.004565,109530.008922,2009792,8.9
A2-nolistener-500k,203,101000,101500,0.004350,114931.511163,2016576,9.0
A2-nolistener-500k,204,101500,102000,0.004276,116926.024178,2022624,9.0
A2-nolistener-500k,205,102000,102500,0.004776,104691.936648,2031520,9.1
A2-nolistener-500k,206,102500,103000,0.004178,119686.431125,2038128,9.1
A2-nolistener-500k,207,103000,103500,0.020227,24720.045485,2042944,9.1
A2-nolistener-500k,208,103500,104000,0.004597,108773.472500,2050304,9.2
A2-nolistener-500k,209,104000,104500,0.004388,113952.556081,2057200,9.2
A2-nolistener-500k,210,104500,105000,0.004821,103722.776401,2062736,9.3
A2-nolistener-500k,211,105000,105500,0.005498,90940.787907,2068560,9.3
A2-nolistener-500k,212,105500,106000,0.004987,100258.164774,2075936,9.3
A2-nolistener-500k,213,106000,106500,0.005737,87149.766874,2081936,9.4
A2-nolistener-500k,214,106500,107000,0.005791,86334.045762,2088000,9.4
A2-nolistener-500k,215,107000,107500,0.005233,95551.285050,2095616,9.4
A2-nolistener-500k,216,107500,108000,0.006227,80291.735202,2101072,9.5
A2-nolistener-500k,217,108000,108500,0.005327,93868.068430,2108576,9.5
A2-nolistener-500k,218,108500,109000,0.012311,40613.672593,2116368,9.5
A2-nolistener-500k,219,109000,109500,0.006077,82276.315792,2120944,9.6
A2-nolistener-500k,220,109500,110000,0.005869,85199.442523,2128624,9.6
A2-nolistener-500k,221,110000,110500,0.005072,98576.379641,2134080,9.6
A2-nolistener-500k,222,110500,111000,0.005654,88429.057788,2141040,9.7
A2-nolistener-500k,223,111000,111500,0.005041,99195.681734,2147280,9.7
A2-nolistener-500k,224,111500,112000,0.005367,93167.713437,2153856,9.7
A2-nolistener-500k,225,112000,112500,0.005710,87560.552500,2161216,9.8
A2-nolistener-500k,226,112500,113000,0.004749,105296.409392,2167056,9.8
A2-nolistener-500k,227,113000,113500,0.008317,60118.734501,2176544,9.9
A2-nolistener-500k,228,113500,114000,0.010910,45828.464059,2180816,9.9
A2-nolistener-500k,229,114000,114500,0.008013,62396.328500,2189744,9.9
A2-nolistener-500k,230,114500,115000,0.005346,93529.323407,2194832,10.0
A2-nolistener-500k,231,115000,115500,0.005463,91528.304854,2200048,10.0
A2-nolistener-500k,232,115500,116000,0.004922,101585.567860,2206656,10.0
A2-nolistener-500k,233,116000,116500,0.005456,91645.722564,2213248,10.1
A2-nolistener-500k,234,116500,117000,0.005746,87018.312308,2219568,10.1
A2-nolistener-500k,235,117000,117500,0.005868,85209.112535,2227312,10.2
A2-nolistener-500k,236,117500,118000,0.005818,85934.041155,2233008,10.2
A2-nolistener-500k,237,118000,118500,0.005008,99833.617293,2235904,10.3
A2-nolistener-500k,238,118500,119000,0.005144,97206.914833,2247408,10.3
A2-nolistener-500k,239,119000,119500,0.006189,80787.399234,2253696,10.3
A2-nolistener-500k,240,119500,120000,0.007516,66521.428215,2259392,10.4
A2-nolistener-500k,241,120000,120500,0.005238,95455.533853,2266976,10.4
A2-nolistener-500k,242,120500,121000,0.005169,96722.705868,2272592,10.4
A2-nolistener-500k,243,121000,121500,0.005026,99479.384589,2279920,10.5
A2-nolistener-500k,244,121500,122000,0.005990,83479.422322,2282816,10.5
A2-nolistener-500k,245,122000,122500,0.005955,83957.769242,2282816,10.5
A2-nolistener-500k,246,122500,123000,0.004925,101513.402408,2282816,10.6
A2-nolistener-500k,247,123000,123500,0.005112,97813.056556,2282816,10.6
A2-nolistener-500k,248,123500,124000,0.004401,113603.031474,2282816,10.7
A2-nolistener-500k,249,124000,124500,0.004113,121574.398182,2282816,10.7
A2-nolistener-500k,250,124500,125000,0.004487,111428.881519,2282816,10.7
A2-nolistener-500k,251,125000,125500,0.004201,119016.929682,2282816,10.8
A2-nolistener-500k,252,125500,126000,0.004104,121833.575823,2282816,10.8
A2-nolistener-500k,253,126000,126500,0.004354,114834.742470,2282816,10.8
A2-nolistener-500k,254,126500,127000,0.004180,119611.272932,2282816,10.9
A2-nolistener-500k,255,127000,127500,0.004244,117807.582049,2282816,10.9
A2-nolistener-500k,256,127500,128000,0.004920,101621.699403,2282816,10.9
A2-nolistener-500k,257,128000,128500,0.004716,106012.701170,2282816,11.0
A2-nolistener-500k,258,128500,129000,0.004896,102131.150287,2282816,11.0
A2-nolistener-500k,259,129000,129500,0.004221,118458.850357,2282816,11.0
A2-nolistener-500k,260,129500,130000,0.004098,122007.015403,2282816,11.1
A2-nolistener-500k,261,130000,130500,0.004520,110623.556224,2282816,11.1
A2-nolistener-500k,262,130500,131000,0.004158,120240.461685,2282816,11.1
A2-nolistener-500k,263,131000,131500,0.004054,123337.502963,2282816,11.2
A2-nolistener-500k,264,131500,132000,0.004554,109784.547825,2282816,11.2
A2-nolistener-500k,265,132000,132500,0.004204,118923.740152,2282816,11.2
A2-nolistener-500k,266,132500,133000,0.004266,117216.117216,2282816,11.3
A2-nolistener-500k,267,133000,133500,0.004261,117337.591280,2282816,11.3
A2-nolistener-500k,268,133500,134000,0.004331,115456.775870,2282816,11.3
A2-nolistener-500k,269,134000,134500,0.004539,110148.316912,2282816,11.4
A2-nolistener-500k,270,134500,135000,0.004102,121880.617935,2282816,11.4
A2-nolistener-500k,271,135000,135500,0.004217,118563.006872,2282816,11.4
A2-nolistener-500k,272,135500,136000,0.004043,123682.013543,2282816,11.5
A2-nolistener-500k,273,136000,136500,0.004493,111273.917216,2282816,11.5
A2-nolistener-500k,274,136500,137000,0.004641,107728.623840,2282816,11.5
A2-nolistener-500k,275,137000,137500,0.004207,118840.129840,2282816,11.6
A2-nolistener-500k,276,137500,138000,0.021332,23438.645198,2282816,11.6
A2-nolistener-500k,277,138000,138500,0.004486,111460.974726,2282816,11.6
A2-nolistener-500k,278,138500,139000,0.004545,110021.095445,2282816,11.7
A2-nolistener-500k,279,139000,139500,0.004074,122714.443490,2282816,11.7
A2-nolistener-500k,280,139500,140000,0.004470,111852.644431,2282816,11.7
A2-nolistener-500k,281,140000,140500,0.004865,102784.599249,2282816,11.8
A2-nolistener-500k,282,140500,141000,0.004797,104229.095552,2282816,11.8
A2-nolistener-500k,283,141000,141500,0.004444,112504.922090,2282816,11.8
A2-nolistener-500k,284,141500,142000,0.004539,110145.308096,2282816,11.9
A2-nolistener-500k,285,142000,142500,0.004533,110294.101427,2282816,11.9
A2-nolistener-500k,286,142500,143000,0.004437,112682.404643,2282816,11.9
A2-nolistener-500k,287,143000,143500,0.004457,112185.197118,2282784,12.0
A2-nolistener-500k,288,143500,144000,0.005079,98438.121698,2282768,12.0
A2-nolistener-500k,289,144000,144500,0.004613,108396.195901,2282768,12.0
A2-nolistener-500k,290,144500,145000,0.004440,112605.207045,2282768,12.1
A2-nolistener-500k,291,145000,145500,0.004776,104700.157595,2282768,12.1
A2-nolistener-500k,292,145500,146000,0.004547,109955.551568,2130032,12.4
A2-nolistener-500k,293,146000,146500,0.005589,89455.440009,2130032,12.4
A2-nolistener-500k,294,146500,147000,0.005354,93380.847999,2130032,12.5
A2-nolistener-500k,295,147000,147500,0.004772,104775.126385,2126624,12.5
A2-nolistener-500k,296,147500,148000,0.004769,104854.776135,2124384,12.5
A2-nolistener-500k,297,148000,148500,0.005196,96225.552696,2124384,12.6
A2-nolistener-500k,298,148500,149000,0.004947,101069.660646,2124384,12.6
A2-nolistener-500k,299,149000,149500,0.004986,100272.420111,2121040,12.6
A2-nolistener-500k,300,149500,150000,0.005484,91178.481878,2121040,12.7
A2-nolistener-500k,301,150000,150500,0.004922,101594.175159,2099568,12.7
A2-nolistener-500k,302,150500,151000,0.004608,108504.001085,2082640,12.8
A2-nolistener-500k,303,151000,151500,0.004906,101925.536465,2082400,12.8
A2-nolistener-500k,304,151500,152000,0.005079,98448.607464,2082400,12.8
A2-nolistener-500k,305,152000,152500,0.004861,102867.429600,2080160,12.9
A2-nolistener-500k,306,152500,153000,0.005095,98131.420739,2074736,12.9
A2-nolistener-500k,307,153000,153500,0.006332,78960.874886,2069584,13.0
A2-nolistener-500k,308,153500,154000,0.005766,86715.227194,2069584,13.0
A2-nolistener-500k,309,154000,154500,0.006583,75949.370934,2069584,13.0
A2-nolistener-500k,310,154500,155000,0.007778,64286.977066,2069584,13.1
A2-nolistener-500k,311,155000,155500,0.005941,84164.457350,2069584,13.1
A2-nolistener-500k,312,155500,156000,0.004855,102981.308892,2069584,13.1
A2-nolistener-500k,313,156000,156500,0.007422,67368.421053,2069584,13.2
A2-nolistener-500k,314,156500,157000,0.006034,82856.906123,2069584,13.2
A2-nolistener-500k,315,157000,157500,0.005665,88260.598951,2069584,13.2
A2-nolistener-500k,316,157500,158000,0.005276,94773.254987,2069584,13.3
A2-nolistener-500k,317,158000,158500,0.005485,91165.315171,2069584,13.3
A2-nolistener-500k,318,158500,159000,0.004130,121073.906176,2069584,13.3
A2-nolistener-500k,319,159000,159500,0.004780,104610.717368,2069584,13.4
A2-nolistener-500k,320,159500,160000,0.004938,101265.822785,2069584,13.4
A2-nolistener-500k,321,160000,160500,0.005111,97821.840213,2069584,13.4
A2-nolistener-500k,322,160500,161000,0.005915,84530.853762,2069584,13.5
A2-nolistener-500k,323,161000,161500,0.004695,106485.862192,2069584,13.5
A2-nolistener-500k,324,161500,162000,0.005081,98410.667716,2069584,13.5
A2-nolistener-500k,325,162000,162500,0.004562,109595.046304,2069584,13.6
A2-nolistener-500k,326,162500,163000,0.004404,113541.736921,2069584,13.6
A2-nolistener-500k,327,163000,163500,0.004589,108960.164818,2069584,13.6
A2-nolistener-500k,328,163500,164000,0.004637,107838.988626,2069584,13.7
A2-nolistener-500k,329,164000,164500,0.004882,102424.028513,2069584,13.7
A2-nolistener-500k,330,164500,165000,0.004307,116092.323117,2069584,13.7
A2-nolistener-500k,331,165000,165500,0.004580,109168.303463,2069584,13.8
A2-nolistener-500k,332,165500,166000,0.004567,109473.077614,2069584,13.8
A2-nolistener-500k,333,166000,166500,0.004529,110394.576712,2069584,13.8
A2-nolistener-500k,334,166500,167000,0.004738,105528.823932,2069584,13.9
A2-nolistener-500k,335,167000,167500,0.005217,95838.225076,2069584,13.9
A2-nolistener-500k,336,167500,168000,0.006327,79024.833554,2069584,13.9
A2-nolistener-500k,337,168000,168500,0.006670,74960.641915,2069584,14.0
A2-nolistener-500k,338,168500,169000,0.048039,10408.110766,2069584,14.0
A2-nolistener-500k,339,169000,169500,0.006243,80095.050398,2069584,14.0
A2-nolistener-500k,340,169500,170000,0.005647,88541.271920,2069584,14.1
A2-nolistener-500k,341,170000,170500,0.007079,70628.950807,2069584,14.1
A2-nolistener-500k,342,170500,171000,0.004815,103852.944231,2069584,14.2
A2-nolistener-500k,343,171000,171500,0.006203,80601.831306,2069584,14.2
A2-nolistener-500k,344,171500,172000,0.006942,72026.649860,2069584,14.2
A2-nolistener-500k,345,172000,172500,0.004950,101001.592391,2069584,14.3
A2-nolistener-500k,346,172500,173000,0.005231,95581.734331,2069584,14.3
A2-nolistener-500k,347,173000,173500,0.005019,99624.753404,2069584,14.4
A2-nolistener-500k,348,173500,174000,0.004621,108204.614927,2069584,14.4
A2-nolistener-500k,349,174000,174500,0.004889,102267.788203,2069584,14.4
A2-nolistener-500k,350,174500,175000,0.005720,87412.587413,2069584,14.5
A2-nolistener-500k,351,175000,175500,0.005599,89296.334171,2069584,14.5
A2-nolistener-500k,352,175500,176000,0.005759,86824.397656,2069584,14.5
A2-nolistener-500k,353,176000,176500,0.004619,108254.397835,2069584,14.6
A2-nolistener-500k,354,176500,177000,0.004789,104401.395805,2069584,14.6
A2-nolistener-500k,355,177000,177500,0.005801,86193.269099,2069584,14.7
A2-nolistener-500k,356,177500,178000,0.004419,113141.370142,2069584,14.7
A2-nolistener-500k,357,178000,178500,0.004867,102736.214701,2069584,14.7
A2-nolistener-500k,358,178500,179000,0.004441,112595.697899,2069584,14.8
A2-nolistener-500k,359,179000,179500,0.005058,98854.923875,2069584,14.8
A2-nolistener-500k,360,179500,180000,0.004864,102799.582140,2069584,14.8
A2-nolistener-500k,361,180000,180500,0.004620,108218.291878,2069584,14.9
A2-nolistener-500k,362,180500,181000,0.004481,111584.327847,2069584,14.9
A2-nolistener-500k,363,181000,181500,0.004919,101638.927709,2069584,14.9
A2-nolistener-500k,364,181500,182000,0.004869,102694.877908,2069584,15.0
A2-nolistener-500k,365,182000,182500,0.004447,112441.670883,2069584,15.0
A2-nolistener-500k,366,182500,183000,0.004244,117800.670898,2069584,15.0
A2-nolistener-500k,367,183000,183500,0.004566,109495.061335,2069584,15.1
A2-nolistener-500k,368,183500,184000,0.006277,79657.472867,2069584,15.1
A2-nolistener-500k,369,184000,184500,0.005075,98518.129700,2069584,15.2
A2-nolistener-500k,370,184500,185000,0.004349,114967.874527,2069584,15.2
A2-nolistener-500k,371,185000,185500,0.005299,94359.651813,2069584,15.3
A2-nolistener-500k,372,185500,186000,0.004499,111138.895835,2069584,15.3
A2-nolistener-500k,373,186000,186500,0.004446,112468.000042,2069584,15.3
A2-nolistener-500k,374,186500,187000,0.004779,104628.054590,2069584,15.4
A2-nolistener-500k,375,187000,187500,0.005532,90389.352134,2069584,15.4
A2-nolistener-500k,376,187500,188000,0.005029,99415.931403,2069584,15.5
A2-nolistener-500k,377,188000,188500,0.005552,90065.747996,2069584,15.5
A2-nolistener-500k,378,188500,189000,0.004800,104163.954064,2069584,15.5
A2-nolistener-500k,379,189000,189500,0.004750,105253.917709,2069584,15.6
A2-nolistener-500k,380,189500,190000,0.004959,100819.155640,2069584,15.6
A2-nolistener-500k,381,190000,190500,0.004574,109323.477895,2069584,15.6
A2-nolistener-500k,382,190500,191000,0.004751,105231.765598,2069584,15.7
A2-nolistener-500k,383,191000,191500,0.004789,104403.205178,2069584,15.7
A2-nolistener-500k,384,191500,192000,0.004798,104210.999763,2069584,15.7
A2-nolistener-500k,385,192000,192500,0.005457,91631.026779,2069584,15.8
A2-nolistener-500k,386,192500,193000,0.005207,96030.742129,2069584,15.8
A2-nolistener-500k,387,193000,193500,0.003984,125496.747501,2069584,15.8
A2-nolistener-500k,388,193500,194000,0.004120,121371.507747,2069584,15.9
A2-nolistener-500k,389,194000,194500,0.004802,104127.792291,2069584,15.9
A2-nolistener-500k,390,194500,195000,0.004256,117480.071268,2069584,15.9
A2-nolistener-500k,391,195000,195500,0.003955,126410.264513,2069584,16.0
A2-nolistener-500k,392,195500,196000,0.004730,105707.306616,2069584,16.0
A2-nolistener-500k,393,196000,196500,0.004879,102489.637273,2069584,16.0
A2-nolistener-500k,394,196500,197000,0.025322,19745.350533,2069584,16.1
A2-nolistener-500k,395,197000,197500,0.004163,120112.906132,2069584,16.1
A2-nolistener-500k,396,197500,198000,0.004402,113589.017669,2069584,16.1
A2-nolistener-500k,397,198000,198500,0.004646,107614.639723,2069584,16.2
A2-nolistener-500k,398,198500,199000,0.004478,111650.756434,2069584,16.2
A2-nolistener-500k,399,199000,199500,0.004660,107304.772380,2069584,16.3
A2-nolistener-500k,400,199500,200000,0.027934,17899.441154,2069584,16.3
A2-nolistener-500k,401,200000,200500,0.004638,107801.206813,2069584,16.4
A2-nolistener-500k,402,200500,201000,0.004428,112915.679313,2069584,16.4
A2-nolistener-500k,403,201000,201500,0.004033,123982.322105,2069584,16.5
A2-nolistener-500k,404,201500,202000,0.004086,122355.320340,2069584,16.5
A2-nolistener-500k,405,202000,202500,0.004942,101173.613921,2069584,16.6
A2-nolistener-500k,406,202500,203000,0.004593,108859.343495,2062896,16.6
A2-nolistener-500k,407,203000,203500,0.004042,123694.772758,2060576,16.6
A2-nolistener-500k,408,203500,204000,0.004132,121006.776379,2060576,16.7
A2-nolistener-500k,409,204000,204500,0.004066,122979.810650,2060576,16.7
A2-nolistener-500k,410,204500,205000,0.004892,102209.420152,2060576,16.7
A2-nolistener-500k,411,205000,205500,0.004733,105644.032433,2060576,16.8
A2-nolistener-500k,412,205500,206000,0.004538,110177.661479,2060576,16.8
A2-nolistener-500k,413,206000,206500,0.004250,117655.142424,2060576,16.8
A2-nolistener-500k,414,206500,207000,0.004260,117364.004460,2060576,16.9
A2-nolistener-500k,415,207000,207500,0.004002,124936.220060,2060576,16.9
A2-nolistener-500k,416,207500,208000,0.004547,109955.551568,2060576,17.0
A2-nolistener-500k,417,208000,208500,0.004021,124358.775066,2060576,17.0
A2-nolistener-500k,418,208500,209000,0.004250,117653.979646,2060576,17.0
A2-nolistener-500k,419,209000,209500,0.004292,116503.732314,2060576,17.1
A2-nolistener-500k,420,209500,210000,0.004213,118686.134991,2060576,17.2
A2-nolistener-500k,421,210000,210500,0.004425,112981.584002,2041312,17.2
A2-nolistener-500k,422,210500,211000,0.004197,119137.454361,2026960,17.3
A2-nolistener-500k,423,211000,211500,0.004017,124463.252225,1995808,17.3
A2-nolistener-500k,424,211500,212000,0.004245,117784.464794,1985168,17.4
A2-nolistener-500k,425,212000,212500,0.004819,103764.945006,1955792,17.4
A2-nolistener-500k,426,212500,213000,0.004406,113491.275358,1948560,17.5
A2-nolistener-500k,427,213000,213500,0.003952,126522.220465,1915056,17.6
A2-nolistener-500k,428,213500,214000,0.003943,126792.272163,1853712,17.7
A2-nolistener-500k,429,214000,214500,0.003795,131759.561989,1813856,17.8
A2-nolistener-500k,430,214500,215000,0.003849,129898.235125,1768336,17.9
A2-nolistener-500k,431,215000,215500,0.003831,130509.967699,1671968,18.0
A2-nolistener-500k,432,215500,216000,0.003925,127387.171908,1671968,18.1
A2-nolistener-500k,433,216000,216500,0.004362,114636.173445,1671968,18.2
A2-nolistener-500k,434,216500,217000,0.004605,108569.782033,1671968,18.2
A2-nolistener-500k,435,217000,217500,0.004142,120729.204395,1671968,18.2
A2-nolistener-500k,436,217500,218000,0.004239,117961.613875,1671968,18.3
A2-nolistener-500k,437,218000,218500,0.004785,104485.936506,1671968,18.3
A2-nolistener-500k,438,218500,219000,0.004294,116430.239541,1671968,18.4
A2-nolistener-500k,439,219000,219500,0.004501,111098.766804,1671968,18.4
A2-nolistener-500k,440,219500,220000,0.004521,110585.828426,1671968,18.5
A2-nolistener-500k,441,220000,220500,0.004105,121805.142467,1671968,18.5
A2-nolistener-500k,442,220500,221000,0.004371,114401.213751,1671968,18.6
A2-nolistener-500k,443,221000,221500,0.004186,119439.836721,1671968,18.7
A2-nolistener-500k,444,221500,222000,0.004364,114578.170155,1671968,18.7
A2-nolistener-500k,445,222000,222500,0.004320,115737.391858,1671968,18.8
A2-nolistener-500k,446,222500,223000,0.004764,104946.484639,1671968,18.8
A2-nolistener-500k,447,223000,223500,0.004234,118088.152806,1671968,18.8
A2-nolistener-500k,448,223500,224000,0.004159,120216.379866,1671968,18.9
A2-nolistener-500k,449,224000,224500,0.004389,113929.836538,1671968,18.9
A2-nolistener-500k,450,224500,225000,0.005139,97303.089198,1671968,18.9
A2-nolistener-500k,451,225000,225500,0.005634,88739.680019,1671968,19.0
A2-nolistener-500k,452,225500,226000,0.009630,51918.837151,1671968,19.0
A2-nolistener-500k,453,226000,226500,0.008893,56221.360136,1671968,19.1
A2-nolistener-500k,454,226500,227000,0.008242,60664.578026,1671968,19.1
A2-nolistener-500k,455,227000,227500,0.005994,83410.947220,1671968,19.2
A2-nolistener-500k,456,227500,228000,0.005341,93619.073725,1671968,19.2
A2-nolistener-500k,457,228000,228500,0.005612,89092.812437,1671968,19.3
A2-nolistener-500k,458,228500,229000,0.005334,93746.332175,1671968,19.3
A2-nolistener-500k,459,229000,229500,0.004241,117895.582712,1671968,19.3
A2-nolistener-500k,460,229500,230000,0.007178,69652.841878,1671968,19.4
A2-nolistener-500k,461,230000,230500,0.006680,74848.898786,1671968,19.5
A2-nolistener-500k,462,230500,231000,0.034513,14487.504527,1671968,19.5
A2-nolistener-500k,463,231000,231500,0.006490,77038.634875,1671968,19.5
A2-nolistener-500k,464,231500,232000,0.006036,82835.176388,1671968,19.6
A2-nolistener-500k,465,232000,232500,0.007423,67357.448737,1671968,19.6
A2-nolistener-500k,466,232500,233000,0.005650,88489.702011,1671968,19.6
A2-nolistener-500k,467,233000,233500,0.004577,109246.850031,1671968,19.7
A2-nolistener-500k,468,233500,234000,0.005398,92626.195318,1671968,19.7
A2-nolistener-500k,469,234000,234500,0.005509,90755.779646,1671968,19.8
A2-nolistener-500k,470,234500,235000,0.006382,78344.315117,1671968,19.8
A2-nolistener-500k,471,235000,235500,0.006098,81999.703817,1671968,19.8
A2-nolistener-500k,472,235500,236000,0.006743,74150.047664,1671968,19.9
A2-nolistener-500k,473,236000,236500,0.005058,98849.236726,1671968,19.9
A2-nolistener-500k,474,236500,237000,0.005423,92193.514186,1671968,20.0
A2-nolistener-500k,475,237000,237500,0.005111,97836.195988,1671968,20.0
A2-nolistener-500k,476,237500,238000,0.005018,99636.327405,1671968,20.1
A2-nolistener-500k,477,238000,238500,0.005311,94147.916168,1671968,20.1
A2-nolistener-500k,478,238500,239000,0.005187,96388.645186,1671968,20.2
A2-nolistener-500k,479,239000,239500,0.005742,87082.738703,1671968,20.2
A2-nolistener-500k,480,239500,240000,0.006188,80800.467608,1671968,20.3
A2-nolistener-500k,481,240000,240500,0.005703,87673.154480,1671968,20.3
A2-nolistener-500k,482,240500,241000,0.005494,91002.856944,1671968,20.5
A2-nolistener-500k,483,241000,241500,0.005648,88524.310369,1671968,20.6
A2-nolistener-500k,484,241500,242000,0.005691,87854.162091,1671968,20.7
A2-nolistener-500k,485,242000,242500,0.005682,88000.420994,1671968,20.8
A2-nolistener-500k,486,242500,243000,0.006227,80300.323209,1671968,20.9
A2-nolistener-500k,487,243000,243500,0.005648,88524.952971,1671968,20.9
A2-nolistener-500k,488,243500,244000,0.005403,92549.745488,1671968,21.0
A2-nolistener-500k,489,244000,244500,0.005192,96305.861252,1671968,21.0
A2-nolistener-500k,490,244500,245000,0.005590,89441.438218,1671968,21.1
A2-nolistener-500k,491,245000,245500,0.005219,95797.681428,1671968,21.1
A2-nolistener-500k,492,245500,246000,0.005129,97481.715842,1671968,21.2
A2-nolistener-500k,493,246000,246500,0.005309,94176.750171,1671968,21.3
A2-nolistener-500k,494,246500,247000,0.005207,96023.826200,1671968,21.3
A2-nolistener-500k,495,247000,247500,0.005225,95688.432340,1671968,21.4
A2-nolistener-500k,496,247500,248000,0.004853,103037.016048,1671968,21.5
A2-nolistener-500k,497,248000,248500,0.005137,97337.810873,1671968,21.6
A2-nolistener-500k,498,248500,249000,0.005227,95657.164722,1671968,21.6
A2-nolistener-500k,499,249000,249500,0.004587,109003.706126,1671968,21.7
A2-nolistener-500k,500,249500,250000,0.005419,92263.689625,1671968,21.8
A2-nolistener-500k,501,250000,250500,0.004903,101986.180872,1671968,21.9
A2-nolistener-500k,502,250500,251000,0.004818,103785.578994,1671968,21.9
A2-nolistener-500k,503,251000,251500,0.004845,103191.187473,1671968,22.0
A2-nolistener-500k,504,251500,252000,0.004371,114393.571081,1671968,22.0
A2-nolistener-500k,505,252000,252500,0.004337,115279.303307,1671968,22.1
A2-nolistener-500k,506,252500,253000,0.004734,105610.561056,1671968,22.1
A2-nolistener-500k,507,253000,253500,0.004628,108028.295635,1671968,22.2
A2-nolistener-500k,508,253500,254000,0.004817,103801.738679,1671968,22.3
A2-nolistener-500k,509,254000,254500,0.004960,100805.618341,1671968,22.4
A2-nolistener-500k,510,254500,255000,0.004406,113480.534230,1671968,22.5
A2-nolistener-500k,511,255000,255500,0.004461,112089.829686,1671968,22.6
A2-nolistener-500k,512,255500,256000,0.005238,95447.935251,1671968,22.7
A2-nolistener-500k,513,256000,256500,0.009252,54040.663654,1671968,22.7
A2-nolistener-500k,514,256500,257000,0.004667,107144.778096,1671968,22.8
A2-nolistener-500k,515,257000,257500,0.003832,130467.399459,1671968,22.8
A2-nolistener-500k,516,257500,258000,0.004336,115301.474152,1671968,22.9
A2-nolistener-500k,517,258000,258500,0.004833,103451.836032,1671968,22.9
A2-nolistener-500k,518,258500,259000,0.005427,92136.177270,1671968,22.9
A2-nolistener-500k,519,259000,259500,0.004998,100043.338774,1671968,23.0
A2-nolistener-500k,520,259500,260000,0.005102,97996.769634,1671968,23.1
A2-nolistener-500k,521,260000,260500,0.005300,94335.172869,1671968,23.1
A2-nolistener-500k,522,260500,261000,0.005489,91084.353767,1671808,23.2
A2-nolistener-500k,523,261000,261500,0.004721,105915.373616,1671808,23.3
A2-nolistener-500k,524,261500,262000,0.004961,100778.514021,1671808,23.5
A2-nolistener-500k,525,262000,262500,0.005165,96810.894246,1671808,23.5
A2-nolistener-500k,526,262500,263000,0.004696,106468.856050,1671808,23.6
A2-nolistener-500k,527,263000,263500,0.004573,109347.362454,1671808,23.7
A2-nolistener-500k,528,263500,264000,0.005300,94347.045796,1671808,23.7
A2-nolistener-500k,529,264000,264500,0.005394,92692.717893,1671808,23.8
A2-nolistener-500k,530,264500,265000,0.004912,101796.711966,1671808,23.8
A2-nolistener-500k,531,265000,265500,0.005451,91719.978904,1671808,23.8
A2-nolistener-500k,532,265500,266000,0.005103,97983.173154,1671808,23.9
A2-nolistener-500k,533,266000,266500,0.009252,54042.123890,1671808,24.0
A2-nolistener-500k,534,266500,267000,0.006314,79187.535882,1671808,24.0
A2-nolistener-500k,535,267000,267500,0.005575,89682.077037,1671808,24.1
A2-nolistener-500k,536,267500,268000,0.005236,95498.050025,1671808,24.2
A2-nolistener-500k,537,268000,268500,0.006173,81001.174517,1671808,24.2
A2-nolistener-500k,538,268500,269000,0.006243,80087.558126,1671808,24.2
A2-nolistener-500k,539,269000,269500,0.005071,98595.020951,1671808,24.3
A2-nolistener-500k,540,269500,270000,0.005356,93349.623465,1671808,24.4
A2-nolistener-500k,541,270000,270500,0.005225,95689.201474,1671808,24.5
A2-nolistener-500k,542,270500,271000,0.005045,99108.833194,1671808,24.6
A2-nolistener-500k,543,271000,271500,0.006014,83143.945283,1671808,24.7
A2-nolistener-500k,544,271500,272000,0.008217,60846.681574,1671808,24.8
A2-nolistener-500k,545,272000,272500,0.006539,76461.367894,1671808,24.9
A2-nolistener-500k,546,272500,273000,0.005116,97731.801264,1671808,24.9
A2-nolistener-500k,547,273000,273500,0.005922,84424.406218,1671808,25.0
A2-nolistener-500k,548,273500,274000,0.005129,97490.440087,1671808,25.1
A2-nolistener-500k,549,274000,274500,0.004695,106506.685105,1671808,25.1
A2-nolistener-500k,550,274500,275000,0.005693,87829.084601,1671808,25.2
A2-nolistener-500k,551,275000,275500,0.005428,92116.368028,1671808,25.3
A2-nolistener-500k,552,275500,276000,0.004587,108995.793416,1671808,25.3
A2-nolistener-500k,553,276000,276500,0.004667,107129.465960,1671808,25.4
A2-nolistener-500k,554,276500,277000,0.004119,121373.953150,1671808,25.4
A2-nolistener-500k,555,277000,277500,0.004393,113805.545926,1671808,25.5
A2-nolistener-500k,556,277500,278000,0.004197,119145.715687,1671808,25.6
A2-nolistener-500k,557,278000,278500,0.004003,124907.630807,1671808,25.7
A2-nolistener-500k,558,278500,279000,0.003838,130283.246200,1671808,25.7
A2-nolistener-500k,559,279000,279500,0.004367,114488.522526,1671808,25.8
A2-nolistener-500k,560,279500,280000,0.004191,119296.152699,1671808,25.9
A2-nolistener-500k,561,280000,280500,0.003901,128185.966047,1671808,25.9
A2-nolistener-500k,562,280500,281000,0.004249,117667.823734,1671808,26.0
A2-nolistener-500k,563,281000,281500,0.003967,126055.716627,1671808,26.0
A2-nolistener-500k,564,281500,282000,0.003785,132084.378671,1671808,26.1
A2-nolistener-500k,565,282000,282500,0.004013,124598.947139,1671808,26.1
A2-nolistener-500k,566,282500,283000,0.004096,122081.489394,1671808,26.1
A2-nolistener-500k,567,283000,283500,0.003792,131846.422123,1671808,26.2
A2-nolistener-500k,568,283500,284000,0.004101,121912.802112,1671808,26.2
A2-nolistener-500k,569,284000,284500,0.004509,110890.365357,1671808,26.3
A2-nolistener-500k,570,284500,285000,0.004341,115175.288727,1671808,26.3
A2-nolistener-500k,571,285000,285500,0.004451,112337.461735,1671808,26.4
A2-nolistener-500k,572,285500,286000,0.004297,116364.773776,1671808,26.4
A2-nolistener-500k,573,286000,286500,0.004498,111151.249062,1671808,26.4
A2-nolistener-500k,574,286500,287000,0.004289,116584.086272,1671808,26.5
A2-nolistener-500k,575,287000,287500,0.004237,118017.299920,1671808,26.6
A2-nolistener-500k,576,287500,288000,0.003862,129477.761806,1671808,26.6
A2-nolistener-500k,577,288000,288500,0.004106,121761.894615,1671808,26.6
A2-nolistener-500k,578,288500,289000,0.004127,121161.952821,1671808,26.7
A2-nolistener-500k,579,289000,289500,0.030389,16453.412344,1671808,26.7
A2-nolistener-500k,580,289500,290000,0.004682,106791.969244,1671808,26.8
A2-nolistener-500k,581,290000,290500,0.004500,111119.333942,1671808,26.9
A2-nolistener-500k,582,290500,291000,0.004579,109195.124918,1671808,26.9
A2-nolistener-500k,583,291000,291500,0.005191,96325.954701,1671808,26.9
A2-nolistener-500k,584,291500,292000,0.005243,95373.580221,1671808,27.0
A2-nolistener-500k,585,292000,292500,0.005016,99686.823874,1671808,27.0
A2-nolistener-500k,586,292500,293000,0.004546,109982.761302,1671808,27.1
A2-nolistener-500k,587,293000,293500,0.004902,102001.785031,1671808,27.2
A2-nolistener-500k,588,293500,294000,0.004713,106092.353394,1671808,27.2
A2-nolistener-500k,589,294000,294500,0.004450,112356.394483,1671808,27.2
A2-nolistener-500k,590,294500,295000,0.004768,104859.350057,1671808,27.3
A2-nolistener-500k,591,295000,295500,0.004373,114327.081090,1671808,27.3
A2-nolistener-500k,592,295500,296000,0.004703,106319.820226,1671808,27.4
A2-nolistener-500k,593,296000,296500,0.004759,105069.608616,1671808,27.4
A2-nolistener-500k,594,296500,297000,0.004339,115240.564679,1671808,27.4
A2-nolistener-500k,595,297000,297500,0.004916,101715.596276,1671808,27.5
A2-nolistener-500k,596,297500,298000,0.004468,111905.841530,1671808,27.5
A2-nolistener-500k,597,298000,298500,0.004497,111184.196189,1671808,27.5
A2-nolistener-500k,598,298500,299000,0.004965,100701.547400,1671808,27.6
A2-nolistener-500k,599,299000,299500,0.004457,112185.171947,1671808,27.6
A2-nolistener-500k,600,299500,300000,0.004426,112958.203657,1671808,27.6
A2-nolistener-500k,601,300000,300500,0.004451,112329.057640,1671808,27.6
A2-nolistener-500k,602,300500,301000,0.004781,104587.916289,1671808,27.7
A2-nolistener-500k,603,301000,301500,0.005101,98028.009739,1671808,27.7
A2-nolistener-500k,604,301500,302000,0.004807,104011.386334,1671808,27.7
A2-nolistener-500k,605,302000,302500,0.004806,104030.300281,1671808,27.8
A2-nolistener-500k,606,302500,303000,0.004788,104426.819982,1671808,27.8
A2-nolistener-500k,607,303000,303500,0.004819,103764.945006,1671808,27.8
A2-nolistener-500k,608,303500,304000,0.005571,89747.142810,1671968,27.9
A2-nolistener-500k,609,304000,304500,0.004926,101507.384662,1671968,27.9
A2-nolistener-500k,610,304500,305000,0.005111,97821.036414,1671968,28.0
A2-nolistener-500k,611,305000,305500,0.005076,98505.998917,1671968,28.0
A2-nolistener-500k,612,305500,306000,0.005151,97063.819461,1671968,28.0
A2-nolistener-500k,613,306000,306500,0.005645,88569.377811,1671968,28.1
A2-nolistener-500k,614,306500,307000,0.005034,99314.728374,1671968,28.1
A2-nolistener-500k,615,307000,307500,0.005438,91950.505617,1671968,28.2
A2-nolistener-500k,616,307500,308000,0.004755,105153.399883,1671968,28.2
A2-nolistener-500k,617,308000,308500,0.004366,114511.465460,1671968,28.2
A2-nolistener-500k,618,308500,309000,0.004950,101004.163190,1671968,28.3
A2-nolistener-500k,619,309000,309500,0.005295,94436.874804,1671968,28.3
A2-nolistener-500k,620,309500,310000,0.005188,96376.252891,1671968,28.3
A2-nolistener-500k,621,310000,310500,0.005626,88870.467029,1671968,28.4
A2-nolistener-500k,622,310500,311000,0.005451,91731.892629,1671968,28.4
A2-nolistener-500k,623,311000,311500,0.004601,108662.179498,1671968,28.5
A2-nolistener-500k,624,311500,312000,0.005579,89619.788049,1671968,28.5
A2-nolistener-500k,625,312000,312500,0.004909,101848.551204,1671968,28.5
A2-nolistener-500k,626,312500,313000,0.005620,88962.700253,1671968,28.6
A2-nolistener-500k,627,313000,313500,0.005480,91234.632667,1671968,28.6
A2-nolistener-500k,628,313500,314000,0.004368,114455.762848,1671968,28.6
A2-nolistener-500k,629,314000,314500,0.004267,117178.345442,1671968,28.7
A2-nolistener-500k,630,314500,315000,0.004232,118147.448015,1671968,28.7
A2-nolistener-500k,631,315000,315500,0.004448,112407.949130,1671968,28.7
A2-nolistener-500k,632,315500,316000,0.004711,106143.027730,1671968,28.8
A2-nolistener-500k,633,316000,316500,0.004771,104794.341106,1671968,28.8
A2-nolistener-500k,634,316500,317000,0.004587,109012.618211,1671968,28.8
A2-nolistener-500k,635,317000,317500,0.004883,102403.932311,1671968,28.9
A2-nolistener-500k,636,317500,318000,0.004896,102122.430906,1671968,28.9
A2-nolistener-500k,637,318000,318500,0.004864,102791.656936,1671968,28.9
A2-nolistener-500k,638,318500,319000,0.005134,97398.657184,1671968,29.0
A2-nolistener-500k,639,319000,319500,0.004693,106550.171812,1671968,29.0
A2-nolistener-500k,640,319500,320000,0.006080,82236.287551,1671968,29.0
A2-nolistener-500k,641,320000,320500,0.005102,98002.378322,1671968,29.1
A2-nolistener-500k,642,320500,321000,0.005042,99159.622202,1671968,29.1
A2-nolistener-500k,643,321000,321500,0.004580,109174.262648,1671968,29.1
A2-nolistener-500k,644,321500,322000,0.004823,103677.976206,1671968,29.2
A2-nolistener-500k,645,322000,322500,0.005423,92197.764204,1671968,29.2
A2-nolistener-500k,646,322500,323000,0.004660,107298.048442,1671968,29.3
A2-nolistener-500k,647,323000,323500,0.004319,115774.240232,1671968,29.3
A2-nolistener-500k,648,323500,324000,0.004519,110654.158616,1671968,29.3
A2-nolistener-500k,649,324000,324500,0.004394,113802.308093,1671968,29.4
A2-nolistener-500k,650,324500,325000,0.004563,109570.044952,1671968,29.4
A2-nolistener-500k,651,325000,325500,0.005031,99387.949132,1671968,29.5
A2-nolistener-500k,652,325500,326000,0.004724,105848.107965,1671968,29.5
A2-nolistener-500k,653,326000,326500,0.004962,100764.967326,1671968,29.5
A2-nolistener-500k,654,326500,327000,0.005160,96890.624824,1671968,29.6
A2-nolistener-500k,655,327000,327500,0.004533,110310.331644,1671968,29.6
A2-nolistener-500k,656,327500,328000,0.004953,100951.467582,1671968,29.7
A2-nolistener-500k,657,328000,328500,0.005448,91780.319766,1671968,29.7
A2-nolistener-500k,658,328500,329000,0.004859,102898.295119,1671968,29.7
A2-nolistener-500k,659,329000,329500,0.004689,106634.431789,1671968,29.8
A2-nolistener-500k,660,329500,330000,0.005401,92582.597101,1671968,29.8
A2-nolistener-500k,661,330000,330500,0.004946,101096.063299,1671968,29.8
A2-nolistener-500k,662,330500,331000,0.004852,103048.525757,1671968,29.9
A2-nolistener-500k,663,331000,331500,0.005522,90551.002852,1671968,29.9
A2-nolistener-500k,664,331500,332000,0.004609,108487.332911,1671968,29.9
A2-nolistener-500k,665,332000,332500,0.004637,107820.594294,1671968,30.0
A2-nolistener-500k,666,332500,333000,0.004597,108770.538325,1671968,30.0
A2-nolistener-500k,667,333000,333500,0.004619,108258.288688,1671968,30.1
A2-nolistener-500k,668,333500,334000,0.004821,103705.759382,1671968,30.1
A2-nolistener-500k,669,334000,334500,0.004358,114734.819149,1671968,30.2
A2-nolistener-500k,670,334500,335000,0.004182,119545.726240,1671968,30.2
A2-nolistener-500k,671,335000,335500,0.004028,124120.821193,1671968,30.2
A2-nolistener-500k,672,335500,336000,0.004453,112282.819763,1671968,30.3
A2-nolistener-500k,673,336000,336500,0.004451,112324.843447,1671968,30.3
A2-nolistener-500k,674,336500,337000,0.003892,128478.292822,1671968,30.4
A2-nolistener-500k,675,337000,337500,0.004110,121647.101758,1671968,30.4
A2-nolistener-500k,676,337500,338000,0.004738,105538.112451,1671968,30.4
A2-nolistener-500k,677,338000,338500,0.004272,117052.624285,1671968,30.6
A2-nolistener-500k,678,338500,339000,0.049043,10195.238823,1671968,30.7
A2-nolistener-500k,679,339000,339500,0.004855,102992.806158,1671968,30.7
A2-nolistener-500k,680,339500,340000,0.004387,113972.011209,1671968,30.8
A2-nolistener-500k,681,340000,340500,0.004513,110803.324100,1671968,30.8
A2-nolistener-500k,682,340500,341000,0.004261,117337.618816,1671968,30.8
A2-nolistener-500k,683,341000,341500,0.004344,115113.425863,1671968,30.9
A2-nolistener-500k,684,341500,342000,0.004384,114041.339986,1671968,30.9
A2-nolistener-500k,685,342000,342500,0.004086,122376.552653,1671968,30.9
A2-nolistener-500k,686,342500,343000,0.004421,113093.386864,1671968,31.0
A2-nolistener-500k,687,343000,343500,0.004168,119976.004799,1671968,31.0
A2-nolistener-500k,688,343500,344000,0.004289,116581.830069,1671968,31.1
A2-nolistener-500k,689,344000,344500,0.004552,109845.857702,1671968,31.1
A2-nolistener-500k,690,344500,345000,0.004150,120485.556794,1671968,31.1
A2-nolistener-500k,691,345000,345500,0.003946,126710.593006,1671968,31.2
A2-nolistener-500k,692,345500,346000,0.004337,115291.504192,1671968,31.2
A2-nolistener-500k,693,346000,346500,0.004358,114723.841358,1671968,31.3
A2-nolistener-500k,694,346500,347000,0.004558,109699.257292,1671968,31.3
A2-nolistener-500k,695,347000,347500,0.004366,114522.402643,1671968,31.4
A2-nolistener-500k,696,347500,348000,0.004335,115331.367779,1671968,31.4
A2-nolistener-500k,697,348000,348500,0.004277,116895.270955,1671968,31.5
A2-nolistener-500k,698,348500,349000,0.004781,104584.284789,1671968,31.5
A2-nolistener-500k,699,349000,349500,0.004013,124587.304554,1671968,31.5
A2-nolistener-500k,700,349500,350000,0.004288,116601.078560,1671968,31.6
A2-nolistener-500k,701,350000,350500,0.004144,120658.787326,1671968,31.6
A2-nolistener-500k,702,350500,351000,0.004036,123891.419578,1671968,31.6
A2-nolistener-500k,703,351000,351500,0.004461,112077.266964,1671968,31.7
A2-nolistener-500k,704,351500,352000,0.004576,109267.716176,1671968,31.7
A2-nolistener-500k,705,352000,352500,0.004501,111085.388672,1671968,31.7
A2-nolistener-500k,706,352500,353000,0.004172,119854.956326,1671968,31.8
A2-nolistener-500k,707,353000,353500,0.004274,116990.973444,1671968,31.8
A2-nolistener-500k,708,353500,354000,0.004136,120898.283921,1671968,31.8
A2-nolistener-500k,709,354000,354500,0.005121,97643.529642,1671968,31.9
A2-nolistener-500k,710,354500,355000,0.004619,108246.593534,1671968,31.9
A2-nolistener-500k,711,355000,355500,0.004818,103779.288850,1671968,31.9
A2-nolistener-500k,712,355500,356000,0.004455,112228.205731,1671968,32.0
A2-nolistener-500k,713,356000,356500,0.004477,111686.071005,1671968,32.0
A2-nolistener-500k,714,356500,357000,0.005021,99582.589617,1671968,32.1
A2-nolistener-500k,715,357000,357500,0.003984,125517.760763,1671968,32.1
A2-nolistener-500k,716,357500,358000,0.004207,118841.287935,1671968,32.1
A2-nolistener-500k,717,358000,358500,0.004481,111573.944628,1671968,32.2
A2-nolistener-500k,718,358500,359000,0.003975,125782.208107,1671968,32.2
A2-nolistener-500k,719,359000,359500,0.004346,115059.333797,1671968,32.3
A2-nolistener-500k,720,359500,360000,0.005555,90013.716290,1671968,32.3
A2-nolistener-500k,721,360000,360500,0.004881,102448.519619,1671968,32.4
A2-nolistener-500k,722,360500,361000,0.004433,112799.977440,1671968,32.4
A2-nolistener-500k,723,361000,361500,0.004792,104334.210019,1671968,32.5
A2-nolistener-500k,724,361500,362000,0.004022,124302.074925,1671968,32.5
A2-nolistener-500k,725,362000,362500,0.004181,119593.392035,1671968,32.5
A2-nolistener-500k,726,362500,363000,0.004403,113567.526229,1671968,32.6
A2-nolistener-500k,727,363000,363500,0.004109,121684.108055,1671968,32.6
A2-nolistener-500k,728,363500,364000,0.007380,67753.743869,1671968,32.7
A2-nolistener-500k,729,364000,364500,0.011021,45366.217429,1671968,32.7
A2-nolistener-500k,730,364500,365000,0.004266,117209.247810,1671968,32.7
A2-nolistener-500k,731,365000,365500,0.004239,117965.120545,1671968,32.8
A2-nolistener-500k,732,365500,366000,0.004710,106162.747492,1671968,32.8
A2-nolistener-500k,733,366000,366500,0.004023,124296.945403,1671968,32.8
A2-nolistener-500k,734,366500,367000,0.004314,115906.175342,1671968,32.9
A2-nolistener-500k,735,367000,367500,0.004551,109853.894321,1671968,32.9
A2-nolistener-500k,736,367500,368000,0.004418,113164.826380,1671968,33.0
A2-nolistener-500k,737,368000,368500,0.003880,128857.676696,1671968,33.1
A2-nolistener-500k,738,368500,369000,0.005128,97498.367390,1671968,33.1
A2-nolistener-500k,739,369000,369500,0.004700,106375.441910,1671968,33.2
A2-nolistener-500k,740,369500,370000,0.004291,116526.349521,1671968,33.2
A2-nolistener-500k,741,370000,370500,0.005101,98023.205229,1671968,33.3
A2-nolistener-500k,742,370500,371000,0.004240,117925.668621,1671968,33.3
A2-nolistener-500k,743,371000,371500,0.005574,89702.848550,1671968,33.4
A2-nolistener-500k,744,371500,372000,0.004674,106975.692341,1671968,33.4
A2-nolistener-500k,745,372000,372500,0.005306,94238.129954,1671968,33.4
A2-nolistener-500k,746,372500,373000,0.004869,102687.854594,1671968,33.5
A2-nolistener-500k,747,373000,373500,0.005061,98795.524484,1671968,33.5
A2-nolistener-500k,748,373500,374000,0.005991,83457.350957,1671968,33.6
A2-nolistener-500k,749,374000,374500,0.005621,88944.231967,1671968,33.6
A2-nolistener-500k,750,374500,375000,0.004692,106570.043161,1671968,33.7
A2-nolistener-500k,751,375000,375500,0.004621,108204.614927,1671968,33.7
A2-nolistener-500k,752,375500,376000,0.003873,129114.158090,1671968,33.8
A2-nolistener-500k,753,376000,376500,0.004302,116236.278598,1671968,33.8
A2-nolistener-500k,754,376500,377000,0.005000,99995.820175,1671968,33.8
A2-nolistener-500k,755,377000,377500,0.004163,120108.087670,1671968,33.9
A2-nolistener-500k,756,377500,378000,0.018252,27393.695341,1671968,33.9
A2-nolistener-500k,757,378000,378500,0.017127,29194.168547,1671968,34.0
A2-nolistener-500k,758,378500,379000,0.004071,122818.709023,1671968,34.0
A2-nolistener-500k,759,379000,379500,0.004146,120600.581247,1671968,34.1
A2-nolistener-500k,760,379500,380000,0.004410,113386.166752,1671968,34.1
A2-nolistener-500k,761,380000,380500,0.004233,118121.853086,1671968,34.2
A2-nolistener-500k,762,380500,381000,0.004481,111588.461753,1671968,34.2
A2-nolistener-500k,763,381000,381500,0.005572,89741.102304,1671968,34.3
A2-nolistener-500k,764,381500,382000,0.007183,69613.237208,1671968,34.3
A2-nolistener-500k,765,382000,382500,0.009732,51375.797622,1671968,34.3
A2-nolistener-500k,766,382500,383000,0.007514,66545.403197,1671968,34.4
A2-nolistener-500k,767,383000,383500,0.005831,85747.349892,1671968,34.4
A2-nolistener-500k,768,383500,384000,0.007484,66811.424754,1671968,34.4
A2-nolistener-500k,769,384000,384500,0.006529,76585.804821,1671968,34.5
A2-nolistener-500k,770,384500,385000,0.006869,72789.919703,1671968,34.5
A2-nolistener-500k,771,385000,385500,0.018435,27122.567370,1671968,34.6
A2-nolistener-500k,772,385500,386000,0.006624,75481.667390,1671968,34.6
A2-nolistener-500k,773,386000,386500,0.006746,74122.566704,1671968,34.7
A2-nolistener-500k,774,386500,387000,0.006437,77674.934438,1671968,34.7
A2-nolistener-500k,775,387000,387500,0.004700,106386.736212,1671968,34.7
A2-nolistener-500k,776,387500,388000,0.008475,58997.335562,1671968,34.8
A2-nolistener-500k,777,388000,388500,0.006317,79156.194962,1671968,34.8
A2-nolistener-500k,778,388500,389000,0.004259,117401.896041,1671968,34.8
A2-nolistener-500k,779,389000,389500,0.004868,102716.860973,1671968,34.9
A2-nolistener-500k,780,389500,390000,0.004528,110419.980186,1671968,34.9
A2-nolistener-500k,781,390000,390500,0.050022,9995.527002,1671968,35.0
A2-nolistener-500k,782,390500,391000,0.007259,68881.197155,1671968,35.0
A2-nolistener-500k,783,391000,391500,0.005768,86683.897114,1671968,35.0
A2-nolistener-500k,784,391500,392000,0.004622,108187.055419,1671968,35.1
A2-nolistener-500k,785,392000,392500,0.007706,64885.212868,1671968,35.2
A2-nolistener-500k,786,392500,393000,0.005174,96640.131864,1671968,35.2
A2-nolistener-500k,787,393000,393500,0.046459,10762.216089,1671968,35.2
A2-nolistener-500k,788,393500,394000,0.004886,102327.081558,1671968,35.3
A2-nolistener-500k,789,394000,394500,0.008016,62373.950044,1671968,35.3
A2-nolistener-500k,790,394500,395000,0.004065,123016.361176,1671968,35.3
A2-nolistener-500k,791,395000,395500,0.005874,85122.683067,1671968,35.4
A2-nolistener-500k,792,395500,396000,0.004325,115620.302925,1671968,35.4
A2-nolistener-500k,793,396000,396500,0.004177,119693.593975,1671968,35.4
A2-nolistener-500k,794,396500,397000,0.004647,107598.243652,1671968,35.5
A2-nolistener-500k,795,397000,397500,0.004423,113038.007221,1671968,35.5
A2-nolistener-500k,796,397500,398000,0.004274,116988.701465,1671968,35.5
A2-nolistener-500k,797,398000,398500,0.004269,117124.600429,1671968,35.6
A2-nolistener-500k,798,398500,399000,0.004117,121457.509548,1671968,35.6
A2-nolistener-500k,799,399000,399500,0.004233,118110.245520,1671968,35.6
A2-nolistener-500k,800,399500,400000,0.004323,115664.889206,1671968,35.7
A2-nolistener-500k,801,400000,400500,0.004051,123422.506094,1671968,35.7
A2-nolistener-500k,802,400500,401000,0.004148,120554.550934,1671968,35.7
A2-nolistener-500k,803,401000,401500,0.004569,109437.136354,1671968,35.8
A2-nolistener-500k,804,401500,402000,0.003941,126880.753408,1671968,35.8
A2-nolistener-500k,805,402000,402500,0.004032,124001.539603,1671968,35.8
A2-nolistener-500k,806,402500,403000,0.004419,113137.094780,1671968,35.9
A2-nolistener-500k,807,403000,403500,0.004193,119242.808168,1671968,35.9
A2-nolistener-500k,808,403500,404000,0.004031,124027.161948,1671968,36.0
A2-nolistener-500k,809,404000,404500,0.004698,106423.532882,1671968,36.0
A2-nolistener-500k,810,404500,405000,0.003996,125138.183840,1671968,36.0
A2-nolistener-500k,811,405000,405500,0.003727,134147.159434,1671968,36.1
A2-nolistener-500k,812,405500,406000,0.004053,123373.018321,1671968,36.1
A2-nolistener-500k,813,406000,406500,0.003984,125496.747501,1671968,36.2
A2-nolistener-500k,814,406500,407000,0.003916,127686.720121,1671968,36.2
A2-nolistener-500k,815,407000,407500,0.003978,125701.824713,1671968,36.2
A2-nolistener-500k,816,407500,408000,0.004233,118114.905014,1671968,36.3
A2-nolistener-500k,817,408000,408500,0.004300,116277.934029,1671968,36.3
A2-nolistener-500k,818,408500,409000,0.004232,118147.448015,1671968,36.4
A2-nolistener-500k,819,409000,409500,0.004170,119894.473680,1671968,36.4
A2-nolistener-500k,820,409500,410000,0.004148,120544.843405,1671968,36.4
A2-nolistener-500k,821,410000,410500,0.004167,119990.400768,1671968,36.5
A2-nolistener-500k,822,410500,411000,0.004143,120700.060350,1671968,36.5
A2-nolistener-500k,823,411000,411500,0.004606,108560.942205,1671968,36.6
A2-nolistener-500k,824,411500,412000,0.014574,34307.671195,1671968,36.6
A2-nolistener-500k,825,412000,412500,0.005844,85564.542875,1671968,36.6
A2-nolistener-500k,826,412500,413000,0.004399,113664.340564,1671968,36.7
A2-nolistener-500k,827,413000,413500,0.004781,104587.019329,1671968,36.7
A2-nolistener-500k,828,413500,414000,0.004342,115163.138951,1671968,36.7
A2-nolistener-500k,829,414000,414500,0.004141,120740.137040,1671968,36.8
A2-nolistener-500k,830,414500,415000,0.004860,102883.304612,1671968,36.8
A2-nolistener-500k,831,415000,415500,0.004973,100547.986527,1671968,36.8
A2-nolistener-500k,832,415500,416000,0.004022,124330.449447,1671968,36.9
A2-nolistener-500k,833,416000,416500,0.004680,106826.193783,1671968,36.9
A2-nolistener-500k,834,416500,417000,0.005181,96511.886694,1671968,36.9
A2-nolistener-500k,835,417000,417500,0.004223,118403.896530,1671968,37.0
A2-nolistener-500k,836,417500,418000,0.004252,117597.474194,1671968,37.0
A2-nolistener-500k,837,418000,418500,0.004746,105354.650091,1671968,37.0
A2-nolistener-500k,838,418500,419000,0.004653,107447.924826,1671968,37.1
A2-nolistener-500k,839,419000,419500,0.004484,111495.149961,1671968,37.1
A2-nolistener-500k,840,419500,420000,0.004402,113575.058917,1671968,37.1
A2-nolistener-500k,841,420000,420500,0.004578,109219.979305,1671968,37.2
A2-nolistener-500k,842,420500,421000,0.004413,113291.981760,1671968,37.2
A2-nolistener-500k,843,421000,421500,0.004297,116348.987391,1671968,37.2
A2-nolistener-500k,844,421500,422000,0.004574,109324.481840,1671968,37.3
A2-nolistener-500k,845,422000,422500,0.004763,104985.024936,1671968,37.3
A2-nolistener-500k,846,422500,423000,0.004395,113766.729966,1671968,37.3
A2-nolistener-500k,847,423000,423500,0.004162,120132.126118,1671968,37.4
A2-nolistener-500k,848,423500,424000,0.004746,105359.267728,1671968,37.4
A2-nolistener-500k,849,424000,424500,0.004197,119126.810013,1671968,37.4
A2-nolistener-500k,850,424500,425000,0.004339,115243.884871,1671968,37.5
A2-nolistener-500k,851,425000,425500,0.004430,112865.747097,1671968,37.5
A2-nolistener-500k,852,425500,426000,0.004375,114273.725339,1671968,37.5
A2-nolistener-500k,853,426000,426500,0.004444,112522.873087,1671968,37.6
A2-nolistener-500k,854,426500,427000,0.004602,108648.413733,1671968,37.6
A2-nolistener-500k,855,427000,427500,0.003866,129327.057005,1671968,37.6
A2-nolistener-500k,856,427500,428000,0.004127,121146.041553,1671968,37.7
A2-nolistener-500k,857,428000,428500,0.004004,124867.328464,1671968,37.7
A2-nolistener-500k,858,428500,429000,0.004464,112008.197208,1671968,37.7
A2-nolistener-500k,859,429000,429500,0.004178,119668.499111,1671968,37.8
A2-nolistener-500k,860,429500,430000,0.004023,124273.775127,1671968,37.8
A2-nolistener-500k,861,430000,430500,0.004221,118469.375666,1671968,37.8
A2-nolistener-500k,862,430500,431000,0.004020,124369.075679,1671968,37.9
A2-nolistener-500k,863,431000,431500,0.004116,121467.305617,1671968,37.9
A2-nolistener-500k,864,431500,432000,0.004374,114312.940362,1671968,37.9
A2-nolistener-500k,865,432000,432500,0.004196,119170.563345,1671968,38.0
A2-nolistener-500k,866,432500,433000,0.004171,119864.553055,1671968,38.0
A2-nolistener-500k,867,433000,433500,0.004446,112463.800714,1671968,38.0
A2-nolistener-500k,868,433500,434000,0.004466,111964.329060,1671968,38.1
A2-nolistener-500k,869,434000,434500,0.004259,117403.026274,1671968,38.1
A2-nolistener-500k,870,434500,435000,0.004676,106918.503936,1671968,38.1
A2-nolistener-500k,871,435000,435500,0.003927,127338.540461,1671968,38.2
A2-nolistener-500k,872,435500,436000,0.003908,127950.866867,1671968,38.2
A2-nolistener-500k,873,436000,436500,0.003863,129449.838188,1671968,38.2
A2-nolistener-500k,874,436500,437000,0.003901,128183.205590,1671968,38.3
A2-nolistener-500k,875,437000,437500,0.004376,114252.000153,1671968,38.3
A2-nolistener-500k,876,437500,438000,0.003960,126252.009616,1671968,38.3
A2-nolistener-500k,877,438000,438500,0.004128,121131.366967,1671968,38.4
A2-nolistener-500k,878,438500,439000,0.004025,124213.325953,1671968,38.4
A2-nolistener-500k,879,439000,439500,0.003884,128719.444900,1671968,38.4
A2-nolistener-500k,880,439500,440000,0.004228,118254.553332,1671968,38.5
A2-nolistener-500k,881,440000,440500,0.004183,119543.353951,1671968,38.5
A2-nolistener-500k,882,440500,441000,0.003980,125641.273058,1671968,38.5
A2-nolistener-500k,883,441000,441500,0.031088,16083.548502,1671968,38.6
A2-nolistener-500k,884,441500,442000,0.004293,116467.557612,1671968,38.6
A2-nolistener-500k,885,442000,442500,0.004750,105254.848301,1671968,38.6
A2-nolistener-500k,886,442500,443000,0.004949,101027.959488,1671968,38.6
A2-nolistener-500k,887,443000,443500,0.004497,111184.196189,1671968,38.7
A2-nolistener-500k,888,443500,444000,0.005019,99625.587118,1671968,38.7
A2-nolistener-500k,889,444000,444500,0.004730,105719.420658,1671968,38.8
A2-nolistener-500k,890,444500,445000,0.004432,112826.500147,1671968,38.8
A2-nolistener-500k,891,445000,445500,0.004989,100214.639715,1671968,38.8
A2-nolistener-500k,892,445500,446000,0.004550,109896.148140,1671968,38.9
A2-nolistener-500k,893,446000,446500,0.005329,93822.571759,1671968,38.9
A2-nolistener-500k,894,446500,447000,0.005160,96899.224806,1671968,38.9
A2-nolistener-500k,895,447000,447500,0.004540,110135.190947,1671968,39.0
A2-nolistener-500k,896,447500,448000,0.005256,95135.421467,1671968,39.0
A2-nolistener-500k,897,448000,448500,0.005253,95181.439619,1671968,39.0
A2-nolistener-500k,898,448500,449000,0.005266,94954.750263,1671968,39.1
A2-nolistener-500k,899,449000,449500,0.004911,101807.075592,1671968,39.1
A2-nolistener-500k,900,449500,450000,0.005005,99908.403975,1671968,39.1
A2-nolistener-500k,901,450000,450500,0.005181,96514.997852,1671968,39.2
A2-nolistener-500k,902,450500,451000,0.004587,109005.678542,1671968,39.2
A2-nolistener-500k,903,451000,451500,0.004700,106378.270919,1671968,39.2
A2-nolistener-500k,904,451500,452000,0.004987,100261.522154,1671968,39.3
A2-nolistener-500k,905,452000,452500,0.004579,109190.164936,1671968,39.3
A2-nolistener-500k,906,452500,453000,0.004368,114466.663187,1671968,39.3
A2-nolistener-500k,907,453000,453500,0.004766,104918.032787,1671968,39.4
A2-nolistener-500k,908,453500,454000,0.005042,99158.815933,1671968,39.4
A2-nolistener-500k,909,454000,454500,0.004657,107366.224905,1671968,39.4
A2-nolistener-500k,910,454500,455000,0.004962,100775.142239,1671968,39.5
A2-nolistener-500k,911,455000,455500,0.005405,92506.236308,1671968,39.5
A2-nolistener-500k,912,455500,456000,0.005189,96352.276255,1671968,39.5
A2-nolistener-500k,913,456000,456500,0.006935,72098.053353,1671968,39.6
A2-nolistener-500k,914,456500,457000,0.005212,95933.991274,1671968,39.6
A2-nolistener-500k,915,457000,457500,0.005080,98425.196850,1671968,39.6
A2-nolistener-500k,916,457500,458000,0.005006,99878.467880,1671968,39.7
A2-nolistener-500k,917,458000,458500,0.005133,97415.242407,1671968,39.7
A2-nolistener-500k,918,458500,459000,0.005090,98234.239544,1671968,39.7
A2-nolistener-500k,919,459000,459500,0.005144,97206.914833,1671968,39.8
A2-nolistener-500k,920,459500,460000,0.006104,81915.727066,1671968,39.8
A2-nolistener-500k,921,460000,460500,0.006376,78417.534161,1671968,39.8
A2-nolistener-500k,922,460500,461000,0.004825,103619.770155,1671968,39.9
A2-nolistener-500k,923,461000,461500,0.005601,89273.088520,1671968,39.9
A2-nolistener-500k,924,461500,462000,0.005512,90717.347425,1671968,39.9
A2-nolistener-500k,925,462000,462500,0.005104,97959.177276,1671984,40.0
A2-nolistener-500k,926,462500,463000,0.005014,99724.083406,1671984,40.0
A2-nolistener-500k,927,463000,463500,0.005136,97344.140350,1671984,40.0
A2-nolistener-500k,928,463500,464000,0.005082,98390.489024,1671984,40.1
A2-nolistener-500k,929,464000,464500,0.005145,97184.884330,1671984,40.1
A2-nolistener-500k,930,464500,465000,0.005386,92838.287401,1671984,40.1
A2-nolistener-500k,931,465000,465500,0.005029,99422.514268,1671984,40.2
A2-nolistener-500k,932,465500,466000,0.005479,91263.075489,1671984,40.2
A2-nolistener-500k,933,466000,466500,0.005010,99803.725992,1671984,40.2
A2-nolistener-500k,934,466500,467000,0.005773,86611.956781,1671984,40.3
A2-nolistener-500k,935,467000,467500,0.004694,106518.960375,1671984,40.3
A2-nolistener-500k,936,467500,468000,0.004987,100265.704116,1671984,40.3
A2-nolistener-500k,937,468000,468500,0.006251,79992.000800,1671984,40.4
A2-nolistener-500k,938,468500,469000,0.005104,97967.968001,1671984,40.4
A2-nolistener-500k,939,469000,469500,0.006248,80025.608195,1671984,40.4
A2-nolistener-500k,940,469500,470000,0.011635,42972.707518,1671984,40.5
A2-nolistener-500k,941,470000,470500,0.006615,75590.075023,1671984,40.5
A2-nolistener-500k,942,470500,471000,0.005840,85617.655182,1671984,40.5
A2-nolistener-500k,943,471000,471500,0.004973,100549.664798,1671984,40.6
A2-nolistener-500k,944,471500,472000,0.005349,93473.965538,1671984,40.6
A2-nolistener-500k,945,472000,472500,0.005191,96319.775490,1671984,40.6
A2-nolistener-500k,946,472500,473000,0.006214,80469.400545,1671984,40.7
A2-nolistener-500k,947,473000,473500,0.005359,93301.720222,1671984,40.7
A2-nolistener-500k,948,473500,474000,0.008353,59858.432413,1671984,40.7
A2-nolistener-500k,949,474000,474500,0.006123,81662.651586,1671984,40.7
A2-nolistener-500k,950,474500,475000,0.005312,94122.820492,1671984,40.8
A2-nolistener-500k,951,475000,475500,0.005271,94867.659615,1671984,40.8
A2-nolistener-500k,952,475500,476000,0.005085,98333.251389,1671984,40.8
A2-nolistener-500k,953,476000,476500,0.005427,92135.464193,1671984,40.9
A2-nolistener-500k,954,476500,477000,0.005502,90869.174559,1671984,40.9
A2-nolistener-500k,955,477000,477500,0.005083,98363.061601,1671984,40.9
A2-nolistener-500k,956,477500,478000,0.004982,100361.300682,1671984,41.0
A2-nolistener-500k,957,478000,478500,0.005054,98925.843407,1671984,41.0
A2-nolistener-500k,958,478500,479000,0.005263,94999.095609,1671984,41.1
A2-nolistener-500k,959,479000,479500,0.005076,98493.851718,1671984,41.1
A2-nolistener-500k,960,479500,480000,0.005549,90102.931787,1671984,41.2
A2-nolistener-500k,961,480000,480500,0.005745,87034.095607,1671984,41.2
A2-nolistener-500k,962,480500,481000,0.004871,102639.539994,1671984,41.2
A2-nolistener-500k,963,481000,481500,0.005166,96778.083403,1671984,41.3
A2-nolistener-500k,964,481500,482000,0.004647,107604.982111,1671984,41.3
A2-nolistener-500k,965,482000,482500,0.004990,100210.441928,1671984,41.3
A2-nolistener-500k,966,482500,483000,0.006027,82955.994168,1671984,41.4
A2-nolistener-500k,967,483000,483500,0.004747,105331.545787,1671984,41.4
A2-nolistener-500k,968,483500,484000,0.004867,102737.101306,1671984,41.4
A2-nolistener-500k,969,484000,484500,0.004951,100986.313123,1671984,41.5
A2-nolistener-500k,970,484500,485000,0.004924,101551.194496,1671984,41.5
A2-nolistener-500k,971,485000,485500,0.005198,96195.469193,1671984,41.5
A2-nolistener-500k,972,485500,486000,0.004657,107368.138505,1671984,41.6
A2-nolistener-500k,973,486000,486500,0.005112,97813.860224,1671984,41.6
A2-nolistener-500k,974,486500,487000,0.004738,105528.823932,1671984,41.6
A2-nolistener-500k,975,487000,487500,0.004900,102032.133184,1671984,41.7
A2-nolistener-500k,976,487500,488000,0.005045,99110.483411,1671984,41.7
A2-nolistener-500k,977,488000,488500,0.004850,103091.890751,1671984,41.7
A2-nolistener-500k,978,488500,489000,0.005299,94364.834076,1671984,41.8
A2-nolistener-500k,979,489000,489500,0.004903,101980.980547,1671984,41.8
A2-nolistener-500k,980,489500,490000,0.005183,96470.771189,1671984,41.8
A2-nolistener-500k,981,490000,490500,0.005342,93596.449175,1671984,41.9
A2-nolistener-500k,982,490500,491000,0.005113,97795.532231,1671984,41.9
A2-nolistener-500k,983,491000,491500,0.004903,101979.233357,1671984,41.9
A2-nolistener-500k,984,491500,492000,0.005663,88294.373441,1671984,42.0
A2-nolistener-500k,985,492000,492500,0.005640,88658.377108,1671984,42.0
A2-nolistener-500k,986,492500,493000,0.006494,76999.092797,1671984,42.0
A2-nolistener-500k,987,493000,493500,0.004736,105567.815498,1671984,42.1
A2-nolistener-500k,988,493500,494000,0.006428,77782.175063,1671984,42.1
A2-nolistener-500k,989,494000,494500,0.005399,92602.590243,1671984,42.1
A2-nolistener-500k,990,494500,495000,0.005385,92849.786501,1671984,42.2
A2-nolistener-500k,991,495000,495500,0.006520,76691.527503,1671984,42.2
A2-nolistener-500k,992,495500,496000,0.005512,90714.598809,1671984,42.3
A2-nolistener-500k,993,496000,496500,0.005670,88178.880382,1671984,42.3
A2-nolistener-500k,994,496500,497000,0.009274,53912.471162,1671984,42.3
A2-nolistener-500k,995,497000,497500,0.004930,101428.457539,1671984,42.4
A2-nolistener-500k,996,497500,498000,0.004846,103172.556100,1671984,42.4
A2-nolistener-500k,997,498000,498500,0.004869,102698.400472,1671984,42.4
A2-nolistener-500k,998,498500,499000,0.005040,99212.904345,1671984,42.5
A2-nolistener-500k,999,499000,499500,0.005424,92175.090640,1671984,42.5
A2-nolistener-500k,1000,499500,500000,0.004931,101398.446819,1671984,42.5
B-listener-unlimited,1,0,500,0.758501,659.194586,215728,0.8
B-listener-unlimited,2,500,1000,0.042483,11769.367383,220064,0.9
B-listener-unlimited,3,1000,1500,0.025671,19477.168143,224704,0.9
B-listener-unlimited,4,1500,2000,0.022565,22158.700614,226208,1.0
B-listener-unlimited,5,2000,2500,0.018143,27558.204720,226400,1.0
B-listener-unlimited,6,2500,3000,0.014426,34659.341992,226592,1.0
B-listener-unlimited,7,3000,3500,0.014596,34257.035470,227504,1.1
B-listener-unlimited,8,3500,4000,0.016458,30379.747451,231904,1.1
B-listener-unlimited,9,4000,4500,0.017189,29088.793542,232608,1.2
B-listener-unlimited,10,4500,5000,0.012814,39020.711257,234256,1.2
B-listener-unlimited,11,5000,5500,0.012693,39390.496665,234480,1.3
B-listener-unlimited,12,5500,6000,0.012762,39177.531967,238656,1.3
B-listener-unlimited,13,6000,6500,0.013364,37413.365611,261360,1.4
B-listener-unlimited,14,6500,7000,0.012421,40255.895456,284912,1.4
B-listener-unlimited,15,7000,7500,0.013388,37348.158261,313808,1.5
B-listener-unlimited,16,7500,8000,0.017172,29117.591393,338272,1.5
B-listener-unlimited,17,8000,8500,0.013222,37815.878872,344432,1.5
B-listener-unlimited,18,8500,9000,0.012289,40688.034666,351136,1.6
B-listener-unlimited,19,9000,9500,0.012796,39076.109476,354848,1.6
B-listener-unlimited,20,9500,10000,0.018868,26499.894000,362944,1.6
B-listener-unlimited,21,10000,10500,0.011443,43693.403388,364176,1.7
B-listener-unlimited,22,10500,11000,0.025640,19501.129135,374000,1.7
B-listener-unlimited,23,11000,11500,0.011756,42532.529729,392736,1.8
B-listener-unlimited,24,11500,12000,0.013874,36039.607529,403808,1.8
B-listener-unlimited,25,12000,12500,0.014918,33516.557179,416368,1.9
B-listener-unlimited,26,12500,13000,0.013124,38098.985584,429680,1.9
B-listener-unlimited,27,13000,13500,0.012986,38503.003234,442336,2.0
B-listener-unlimited,28,13500,14000,0.018584,26905.166981,455264,2.0
B-listener-unlimited,29,14000,14500,0.010560,47346.619679,467840,2.1
B-listener-unlimited,30,14500,15000,0.010861,46034.865150,484224,2.2
B-listener-unlimited,31,15000,15500,0.011721,42656.805778,493136,2.3
B-listener-unlimited,32,15500,16000,0.015319,32639.385189,494320,2.4
B-listener-unlimited,33,16000,16500,0.015750,31746.954927,523696,2.5
B-listener-unlimited,34,16500,17000,0.011481,43550.372713,543456,2.5
B-listener-unlimited,35,17000,17500,0.010683,46801.869154,573376,2.6
B-listener-unlimited,36,17500,18000,0.011728,42632.106239,573376,2.7
B-listener-unlimited,37,18000,18500,0.013283,37641.863715,573472,2.7
B-listener-unlimited,38,18500,19000,0.010938,45711.326755,573616,2.8
B-listener-unlimited,39,19000,19500,0.011068,45176.810743,573696,2.9
B-listener-unlimited,40,19500,20000,0.010795,46316.491144,573808,2.9
B-listener-unlimited,41,20000,20500,0.011013,45401.747350,573824,3.0
B-listener-unlimited,42,20500,21000,0.010355,48286.043431,575920,3.0
B-listener-unlimited,43,21000,21500,1.285469,388.963221,576064,3.1
B-listener-unlimited,44,21500,22000,0.343922,1453.816783,576192,3.1
B-listener-unlimited,45,22000,22500,0.281776,1774.457829,576960,3.4
B-listener-unlimited,46,22500,23000,0.316963,1577.472432,577600,3.7
B-listener-unlimited,47,23000,23500,0.336871,1484.245842,577952,4.1
B-listener-unlimited,48,23500,24000,0.236826,2111.252813,600064,4.3
B-listener-unlimited,49,24000,24500,0.337626,1480.929330,603200,4.6
B-listener-unlimited,50,24500,25000,0.266796,1874.094290,608720,4.9
B-listener-unlimited,51,25000,25500,0.256388,1950.172447,609056,5.2
B-listener-unlimited,52,25500,26000,0.356030,1404.376036,600832,5.5
B-listener-unlimited,53,26000,26500,0.318314,1570.778291,598656,5.8
B-listener-unlimited,54,26500,27000,0.250389,1996.896160,600160,6.1
B-listener-unlimited,55,27000,27500,0.304685,1641.039553,596528,6.4
B-listener-unlimited,56,27500,28000,0.310252,1611.592720,597232,6.7
B-listener-unlimited,57,28000,28500,0.296384,1687.002071,672144,7.0
B-listener-unlimited,58,28500,29000,0.307307,1627.039660,720704,7.3
B-listener-unlimited,59,29000,29500,0.311446,1605.413238,720768,7.6
B-listener-unlimited,60,29500,30000,0.315128,1586.659157,720848,7.9
B-listener-unlimited,61,30000,30500,0.282241,1771.534104,721008,8.2
B-listener-unlimited,62,30500,31000,0.319818,1563.388161,721200,8.5
B-listener-unlimited,63,31000,31500,0.302432,1653.263297,721296,8.9
B-listener-unlimited,64,31500,32000,0.297314,1681.724876,721360,9.1
B-listener-unlimited,65,32000,32500,0.299770,1667.943338,721376,9.5
B-listener-unlimited,66,32500,33000,0.316156,1581.497947,721440,9.8
B-listener-unlimited,67,33000,33500,0.278215,1797.172331,721536,10.0
B-listener-unlimited,68,33500,34000,0.318638,1569.178409,721568,10.4
B-listener-unlimited,69,34000,34500,0.360541,1386.803229,722016,10.7
B-listener-unlimited,70,34500,35000,0.321646,1554.505832,722080,11.0
B-listener-unlimited,71,35000,35500,0.348717,1433.827089,723280,11.4
B-listener-unlimited,72,35500,36000,0.449358,1112.698148,720272,11.9
B-listener-unlimited,73,36000,36500,0.378449,1321.183581,720448,12.2
B-listener-unlimited,74,36500,37000,0.387094,1291.675924,720464,12.6
B-listener-unlimited,75,37000,37500,0.385021,1298.631169,720384,13.0
B-listener-unlimited,76,37500,38000,0.385224,1297.947114,720080,13.4
B-listener-unlimited,77,38000,38500,0.410344,1218.488985,720192,13.8
B-listener-unlimited,78,38500,39000,0.409019,1222.437599,720224,14.2
B-listener-unlimited,79,39000,39500,0.415878,1202.276630,720256,14.6
B-listener-unlimited,80,39500,40000,0.381245,1311.493755,720272,15.0
B-listener-unlimited,81,40000,40500,0.384096,1301.757894,720384,15.4
B-listener-unlimited,82,40500,41000,0.428480,1166.914813,720400,15.8
B-listener-unlimited,83,41000,41500,0.423278,1181.257229,720576,16.3
B-listener-unlimited,84,41500,42000,0.418655,1194.302103,720592,16.7
B-listener-unlimited,85,42000,42500,0.434841,1149.844915,721152,17.1
B-listener-unlimited,86,42500,43000,0.447604,1117.059974,721184,17.6
B-listener-unlimited,87,43000,43500,0.466964,1070.745493,721184,18.0
B-listener-unlimited,88,43500,44000,0.436385,1145.776800,721216,18.5
B-listener-unlimited,89,44000,44500,0.463118,1079.637966,721232,18.9
B-listener-unlimited,90,44500,45000,0.472812,1057.503797,721280,19.4
B-listener-unlimited,91,45000,45500,0.501244,997.518589,722512,19.9
B-listener-unlimited,92,45500,46000,0.465998,1072.965978,722464,20.4
B-listener-unlimited,93,46000,46500,0.464241,1077.027963,722464,20.8
B-listener-unlimited,94,46500,47000,0.465129,1074.970983,722528,21.3
B-listener-unlimited,95,47000,47500,0.500384,999.232006,722720,21.8
B-listener-unlimited,96,47500,48000,0.505182,989.742473,735232,22.3
B-listener-unlimited,97,48000,48500,0.497984,1004.047986,864928,22.8
B-listener-unlimited,98,48500,49000,0.485102,1030.712042,864928,23.3
B-listener-unlimited,99,49000,49500,0.516573,967.918112,864960,23.8
B-listener-unlimited,100,49500,50000,0.519062,963.276217,865168,24.3
B-listener-unlimited,101,50000,50500,0.545694,916.264636,865328,24.9
B-listener-unlimited,102,50500,51000,0.560696,891.748429,870048,25.4
B-listener-unlimited,103,51000,51500,0.479273,1043.245935,870096,25.9
B-listener-unlimited,104,51500,52000,0.539308,927.113505,870240,26.5
B-listener-unlimited,105,52000,52500,0.509955,980.478029,870288,27.0
B-listener-unlimited,106,52500,53000,0.481678,1038.037678,876304,27.5
B-listener-unlimited,107,53000,53500,0.624351,800.831852,876336,28.1
B-listener-unlimited,108,53500,54000,0.726718,688.025028,876336,28.8
B-listener-unlimited,109,54000,54500,0.511029,978.417976,876352,29.3
B-listener-unlimited,110,54500,55000,0.540291,925.426653,876336,29.9
B-listener-unlimited,111,55000,55500,0.515221,970.457338,876384,30.4
B-listener-unlimited,112,55500,56000,0.585043,854.638400,890768,31.0
B-listener-unlimited,113,56000,56500,0.738237,677.289348,1048448,31.8
B-listener-unlimited,114,56500,57000,0.562578,888.765449,1048368,32.3
B-listener-unlimited,115,57000,57500,0.764804,653.762236,1048288,33.1
B-listener-unlimited,116,57500,58000,0.635286,787.046680,1048064,33.7
B-listener-unlimited,117,58000,58500,0.581347,860.070846,1048048,34.3
B-listener-unlimited,118,58500,59000,0.606150,824.878728,1048064,34.9
B-listener-unlimited,119,59000,59500,0.808174,618.678874,1016672,35.7
B-listener-unlimited,120,59500,60000,0.635728,786.499423,1017616,36.4
B-listener-unlimited,121,60000,60500,0.606457,824.460252,1018144,36.9
B-listener-unlimited,122,60500,61000,0.595529,839.590147,1018160,37.5
B-listener-unlimited,123,61000,61500,0.632269,790.802544,1018320,38.2
B-listener-unlimited,124,61500,62000,0.737462,678.001304,1019056,38.9
B-listener-unlimited,125,62000,62500,0.674394,741.405855,1019264,39.6
B-listener-unlimited,126,62500,63000,0.943107,530.162724,1019392,40.5
B-listener-unlimited,127,63000,63500,0.690841,723.755321,1019920,41.2
B-listener-unlimited,128,63500,64000,0.682201,732.922136,1020240,41.9
B-listener-unlimited,129,64000,64500,0.732204,682.870112,1019664,42.7
B-listener-unlimited,130,64500,65000,0.657390,760.583134,1022000,43.3
B-listener-unlimited,131,65000,65500,0.681101,734.105469,1030048,44.0
B-listener-unlimited,132,65500,66000,0.701864,712.388682,1030112,44.7
B-listener-unlimited,133,66000,66500,0.727250,687.521564,1030128,45.4
B-listener-unlimited,134,66500,67000,0.862235,579.888566,1030208,46.3
B-listener-unlimited,135,67000,67500,0.807150,619.463673,1002528,47.1
B-listener-unlimited,136,67500,68000,0.743446,672.543991,860544,47.9
B-listener-unlimited,137,68000,68500,1.132786,441.389571,859488,49.0
B-listener-unlimited,138,68500,69000,0.772804,646.994685,859488,49.8
B-listener-unlimited,139,69000,69500,0.799122,625.686463,860272,50.6
B-listener-unlimited,140,69500,70000,0.738836,676.740323,921024,51.3
B-listener-unlimited,141,70000,70500,0.790768,632.296704,1068880,52.1
B-listener-unlimited,142,70500,71000,0.805306,620.882000,1048720,52.9
B-listener-unlimited,143,71000,71500,0.834719,599.004245,1051104,53.7
B-listener-unlimited,144,71500,72000,0.792633,630.808796,1049904,54.5
B-listener-unlimited,145,72000,72500,1.044861,478.532628,1045808,55.6
B-listener-unlimited,146,72500,73000,0.866227,577.215848,1045824,56.4
B-listener-unlimited,147,73000,73500,1.134814,440.600774,1045952,57.6
B-listener-unlimited,148,73500,74000,0.912707,547.820883,1045984,58.5
B-listener-unlimited,149,74000,74500,0.886607,563.947539,1046048,59.4
B-listener-unlimited,150,74500,75000,0.818374,610.967570,1045904,60.2
B-listener-unlimited,151,75000,75500,0.800003,624.997721,1049488,61.0
B-listener-unlimited,152,75500,76000,0.808726,618.256496,1052928,61.8
B-listener-unlimited,153,76000,76500,0.776883,643.597763,1053040,62.6
B-listener-unlimited,154,76500,77000,0.778246,642.469963,1052976,63.4
B-listener-unlimited,155,77000,77500,0.791886,631.403649,1052992,64.2
B-listener-unlimited,156,77500,78000,0.841331,594.296418,1052384,65.0
B-listener-unlimited,157,78000,78500,0.986444,506.871124,1052400,66.0
B-listener-unlimited,158,78500,79000,0.961173,520.197942,1060000,67.0
B-listener-unlimited,159,79000,79500,1.062821,470.446308,1060624,68.0
B-listener-unlimited,160,79500,80000,0.954978,523.572294,1065120,69.0
B-listener-unlimited,161,80000,80500,0.991007,504.537559,1065152,70.0
B-listener-unlimited,162,80500,81000,0.950728,525.912774,1065184,70.9
B-listener-unlimited,163,81000,81500,0.821444,608.684003,1068144,71.7
B-listener-unlimited,164,81500,82000,0.938168,532.953515,1068304,72.7
B-listener-unlimited,165,82000,82500,0.927676,538.981258,1068320,73.6
B-listener-unlimited,166,82500,83000,0.989418,505.347610,1069120,74.6
B-listener-unlimited,167,83000,83500,0.977740,511.383372,1068912,75.6
B-listener-unlimited,168,83500,84000,0.952946,524.688794,1071888,76.5
B-listener-unlimited,169,84000,84500,1.040763,480.416983,1064224,77.6
B-listener-unlimited,170,84500,85000,1.112395,449.480591,1064064,78.7
B-listener-unlimited,171,85000,85500,1.048235,476.992467,1064320,79.7
B-listener-unlimited,172,85500,86000,1.019993,490.199403,1064400,80.8
B-listener-unlimited,173,86000,86500,0.944980,529.111564,1065200,81.7
B-listener-unlimited,174,86500,87000,1.223004,408.829462,1070336,82.9
B-listener-unlimited,175,87000,87500,0.906749,551.420794,1308688,83.9
B-listener-unlimited,176,87500,88000,0.959280,521.223980,1310160,84.8
B-listener-unlimited,177,88000,88500,0.873449,572.442995,1312288,85.7
B-listener-unlimited,178,88500,89000,0.985214,507.504104,1311168,86.7
B-listener-unlimited,179,89000,89500,1.715334,291.488415,1201872,88.4
B-listener-unlimited,180,89500,90000,1.232488,405.683353,1203424,89.6
B-listener-unlimited,181,90000,90500,1.491015,335.342088,1205216,91.1
B-listener-unlimited,182,90500,91000,1.130516,442.275884,1208448,92.3
B-listener-unlimited,183,91000,91500,2.846869,175.631550,1208032,95.1
B-listener-unlimited,184,91500,92000,3.058475,163.480186,1178528,98.2
B-listener-unlimited,185,92000,92500,1.748254,285.999713,1194208,99.9
B-listener-unlimited,186,92500,93000,1.459299,342.630292,1195136,101.4
B-listener-unlimited,187,93000,93500,1.181033,423.358345,1206496,102.6
B-listener-unlimited,188,93500,94000,1.610880,310.389320,1208592,104.2
B-listener-unlimited,189,94000,94500,2.158789,231.611370,1208832,106.3
B-listener-unlimited,190,94500,95000,2.426334,206.072245,1206064,108.8
B-listener-unlimited,191,95000,95500,1.126403,443.890732,1217360,109.9
B-listener-unlimited,192,95500,96000,1.207400,414.112927,1217872,111.1
B-listener-unlimited,193,96000,96500,1.071134,466.794805,1217872,112.3
B-listener-unlimited,194,96500,97000,1.371374,364.597930,1217920,113.5
B-listener-unlimited,195,97000,97500,1.654375,302.228916,1214560,115.2
B-listener-unlimited,196,97500,98000,1.014806,492.705151,1208832,116.2
B-listener-unlimited,197,98000,98500,1.511752,330.742180,1210384,117.7
B-listener-unlimited,198,98500,99000,1.194777,418.488224,1215328,118.9
B-listener-unlimited,199,99000,99500,1.084064,461.227559,1216528,120.0
B-listener-unlimited,200,99500,100000,1.017045,491.620533,1221200,121.0
C-listener-limit50,1,0,500,0.502820,994.391384,206928,0.6
C-listener-limit50,2,500,1000,0.040878,12231.393403,211248,0.6
C-listener-limit50,3,1000,1500,0.024376,20511.768627,216144,0.6
C-listener-limit50,4,1500,2000,0.022973,21765.035559,216560,0.7
C-listener-limit50,5,2000,2500,0.013364,37415.112593,217408,0.7
C-listener-limit50,6,2500,3000,0.014103,35453.032319,217568,0.8
C-listener-limit50,7,3000,3500,0.013923,35911.372457,217808,0.8
C-listener-limit50,8,3500,4000,0.014378,34775.450396,229408,0.8
C-listener-limit50,9,4000,4500,0.018051,27699.359353,229536,0.9
C-listener-limit50,10,4500,5000,0.012230,40883.910137,247600,0.9
C-listener-limit50,11,5000,5500,0.012446,40173.817646,268720,1.0
C-listener-limit50,12,5500,6000,0.015293,32694.964158,290624,1.0
C-listener-limit50,13,6000,6500,0.013542,36922.737916,312528,1.0
C-listener-limit50,14,6500,7000,0.014027,35644.374366,333984,1.1
C-listener-limit50,15,7000,7500,0.014017,35672.029647,355456,1.1
C-listener-limit50,16,7500,8000,0.027728,18032.070037,376736,1.2
C-listener-limit50,17,8000,8500,0.013003,38454.143434,398848,1.3
C-listener-limit50,18,8500,9000,0.016396,30495.320859,428080,1.3
C-listener-limit50,19,9000,9500,0.012597,39690.940932,451776,1.4
C-listener-limit50,20,9500,10000,0.016023,31204.332459,487408,1.5
C-listener-limit50,21,10000,10500,0.012802,39055.000219,486992,1.5
C-listener-limit50,22,10500,11000,0.015027,33273.627137,491360,1.6
C-listener-limit50,23,11000,11500,0.010881,45950.075243,496640,1.6
C-listener-limit50,24,11500,12000,0.012430,40225.798671,504784,1.7
C-listener-limit50,25,12000,12500,0.012399,40325.292846,511808,1.7
C-listener-limit50,26,12500,13000,0.011748,42560.283663,512848,1.8
C-listener-limit50,27,13000,13500,0.011472,43585.804104,522832,1.8
C-listener-limit50,28,13500,14000,0.014045,35599.751143,530032,1.9
C-listener-limit50,29,14000,14500,0.013022,38397.175934,538800,1.9
C-listener-limit50,30,14500,15000,0.012904,38748.425845,546528,2.0
C-listener-limit50,31,15000,15500,0.011881,42085.476782,580752,2.0
C-listener-limit50,32,15500,16000,0.011150,44844.054799,580992,2.0
C-listener-limit50,33,16000,16500,0.011062,45200.461334,581536,2.1
C-listener-limit50,34,16500,17000,0.014551,34361.899526,581648,2.1
C-listener-limit50,35,17000,17500,0.013302,37589.745517,581680,2.1
C-listener-limit50,36,17500,18000,0.014803,33777.126495,581808,2.2
C-listener-limit50,37,18000,18500,0.021386,23379.781165,582000,2.2
C-listener-limit50,38,18500,19000,0.021401,23363.076555,582160,2.3
C-listener-limit50,39,19000,19500,0.041444,12064.545317,582240,2.4
C-listener-limit50,40,19500,20000,0.020074,24907.840988,582080,2.5
C-listener-limit50,41,20000,20500,0.013111,38137.370810,582144,2.5
C-listener-limit50,42,20500,21000,0.011652,42912.469291,582128,2.6
C-listener-limit50,43,21000,21500,0.012816,39013.732834,577920,2.6
C-listener-limit50,44,21500,22000,0.013922,35915.025051,576272,2.7
C-listener-limit50,45,22000,22500,0.012439,40194.541581,576288,2.7
C-listener-limit50,46,22500,23000,0.016345,30590.783902,576320,2.8
C-listener-limit50,47,23000,23500,0.017931,27884.928715,576368,2.8
C-listener-limit50,48,23500,24000,0.011335,44110.673680,576560,2.9
C-listener-limit50,49,24000,24500,0.011566,43229.536910,576576,2.9
C-listener-limit50,50,24500,25000,0.013147,38031.247081,576624,3.0
C-listener-limit50,51,25000,25500,0.012270,40750.902205,576736,3.0
C-listener-limit50,52,25500,26000,0.013221,37818.862173,578240,3.0
C-listener-limit50,53,26000,26500,0.615558,812.271363,578608,3.1
C-listener-limit50,54,26500,27000,0.192128,2602.430574,580752,3.1
C-listener-limit50,55,27000,27500,0.348826,1433.379052,581472,3.1
C-listener-limit50,56,27500,28000,0.238261,2098.536064,581520,3.2
C-listener-limit50,57,28000,28500,0.232639,2149.252705,581520,3.2
C-listener-limit50,58,28500,29000,0.214299,2333.184136,581632,3.3
C-listener-limit50,59,29000,29500,0.226464,2207.855218,594880,3.5
C-listener-limit50,60,29500,30000,0.194463,2571.179902,595824,3.7
C-listener-limit50,61,30000,30500,0.214359,2332.540144,596320,3.9
C-listener-limit50,62,30500,31000,0.191560,2610.151663,596704,4.1
C-listener-limit50,63,31000,31500,0.197727,2528.742317,596784,4.3
C-listener-limit50,64,31500,32000,0.201685,2479.119099,596976,4.5
C-listener-limit50,65,32000,32500,0.181413,2756.143324,597632,4.7
C-listener-limit50,66,32500,33000,0.202254,2472.142049,597808,4.9
C-listener-limit50,67,33000,33500,0.199774,2502.829236,597888,5.1
C-listener-limit50,68,33500,34000,0.210894,2370.858361,598080,5.3
C-listener-limit50,69,34000,34500,0.216584,2308.575345,598224,5.5
C-listener-limit50,70,34500,35000,0.225060,2221.626086,598304,5.8
C-listener-limit50,71,35000,35500,0.188275,2655.685104,598752,5.9
C-listener-limit50,72,35500,36000,0.217943,2294.182215,598848,6.2
C-listener-limit50,73,36000,36500,0.210929,2370.468701,598992,6.4
C-listener-limit50,74,36500,37000,0.225295,2219.309581,599040,6.6
C-listener-limit50,75,37000,37500,0.223884,2233.296474,599088,6.8
C-listener-limit50,76,37500,38000,0.223873,2233.409948,599136,7.1
C-listener-limit50,77,38000,38500,0.228939,2183.986281,599280,7.3
C-listener-limit50,78,38500,39000,0.221539,2256.936840,599296,7.5
C-listener-limit50,79,39000,39500,0.228332,2189.793013,599360,7.7
C-listener-limit50,80,39500,40000,0.254927,1961.343550,599408,8.0
C-listener-limit50,81,40000,40500,0.219498,2277.927253,599424,8.2
C-listener-limit50,82,40500,41000,0.242797,2059.332101,604368,8.5
C-listener-limit50,83,41000,41500,0.278093,1797.956443,604400,8.7
C-listener-limit50,84,41500,42000,0.316296,1580.798149,604496,9.0
C-listener-limit50,85,42000,42500,0.307448,1626.289736,604592,9.4
C-listener-limit50,86,42500,43000,0.385416,1297.299683,604640,9.7
C-listener-limit50,87,43000,43500,0.269346,1856.351497,604720,10.0
C-listener-limit50,88,43500,44000,0.301681,1657.380271,604784,10.3
C-listener-limit50,89,44000,44500,0.304290,1643.169793,604800,10.6
C-listener-limit50,90,44500,45000,0.300494,1663.925582,604816,10.9
C-listener-limit50,91,45000,45500,0.330187,1514.295516,604848,11.3
C-listener-limit50,92,45500,46000,0.320425,1560.429184,604928,11.6
C-listener-limit50,93,46000,46500,0.306733,1630.084405,605040,11.9
C-listener-limit50,94,46500,47000,0.317441,1575.093984,605072,12.2
C-listener-limit50,95,47000,47500,0.306185,1633.001881,605104,12.5
C-listener-limit50,96,47500,48000,0.305993,1634.023416,612128,12.8
C-listener-limit50,97,48000,48500,0.310656,1609.498182,612176,13.1
C-listener-limit50,98,48500,49000,0.315358,1585.498186,612224,13.4
C-listener-limit50,99,49000,49500,0.333606,1498.771945,612304,13.8
C-listener-limit50,100,49500,50000,0.333604,1498.784862,612624,14.1
C-listener-limit50,101,50000,50500,0.323033,1547.830677,612736,14.4
C-listener-limit50,102,50500,51000,0.342868,1458.288218,612832,14.8
C-listener-limit50,103,51000,51500,0.390653,1279.909213,612912,15.2
C-listener-limit50,104,51500,52000,0.374252,1335.998951,616128,15.6
C-listener-limit50,105,52000,52500,0.344155,1452.835158,616176,15.9
C-listener-limit50,106,52500,53000,0.353696,1413.644518,616240,16.3
C-listener-limit50,107,53000,53500,0.369289,1353.951454,616256,16.6
C-listener-limit50,108,53500,54000,0.359891,1389.311313,618480,17.0
C-listener-limit50,109,54000,54500,0.352537,1418.291683,618480,17.3
C-listener-limit50,110,54500,55000,0.355298,1407.268729,618512,17.7
C-listener-limit50,111,55000,55500,0.366584,1363.944957,618576,18.1
C-listener-limit50,112,55500,56000,0.314137,1591.663924,620768,18.4
C-listener-limit50,113,56000,56500,0.370292,1350.286329,620768,18.8
C-listener-limit50,114,56500,57000,0.378448,1321.185037,620800,19.1
C-listener-limit50,115,57000,57500,0.432956,1154.852876,620816,19.6
C-listener-limit50,116,57500,58000,0.370053,1351.155981,620848,19.9
C-listener-limit50,117,58000,58500,0.367801,1359.429393,620848,20.3
C-listener-limit50,118,58500,59000,0.365660,1367.391250,620864,20.7
C-listener-limit50,119,59000,59500,0.406310,1230.586347,623888,21.1
C-listener-limit50,120,59500,60000,0.386549,1293.496932,623904,21.5
C-listener-limit50,121,60000,60500,0.375749,1330.675679,623952,21.8
C-listener-limit50,122,60500,61000,0.418745,1194.044584,623952,22.3
C-listener-limit50,123,61000,61500,0.493310,1013.560425,626400,22.8
C-listener-limit50,124,61500,62000,0.483420,1034.297833,626416,23.2
C-listener-limit50,125,62000,62500,0.492815,1014.578908,626464,23.7
C-listener-limit50,126,62500,63000,0.541331,923.649941,626480,24.3
C-listener-limit50,127,63000,63500,0.490062,1020.279675,634320,24.8
C-listener-limit50,128,63500,64000,0.496990,1006.057134,634448,25.3
C-listener-limit50,129,64000,64500,0.486293,1028.186799,634512,25.8
C-listener-limit50,130,64500,65000,0.438772,1139.545192,634592,26.2
C-listener-limit50,131,65000,65500,0.499763,1000.475142,634592,26.7
C-listener-limit50,132,65500,66000,0.500948,998.106757,634608,27.2
C-listener-limit50,133,66000,66500,0.520377,960.841543,638448,27.7
C-listener-limit50,134,66500,67000,0.554077,902.401109,638448,28.3
C-listener-limit50,135,67000,67500,0.511923,976.709308,638544,28.8
C-listener-limit50,136,67500,68000,0.484755,1031.448255,640192,29.3
C-listener-limit50,137,68000,68500,0.459036,1089.239781,640304,29.7
C-listener-limit50,138,68500,69000,0.482354,1036.583002,640304,30.2
C-listener-limit50,139,69000,69500,0.495809,1008.453360,641872,30.7
C-listener-limit50,140,69500,70000,0.483554,1034.011304,641936,31.2
C-listener-limit50,141,70000,70500,0.508464,983.353383,641952,31.7
C-listener-limit50,142,70500,71000,0.500168,999.664029,643632,32.2
C-listener-limit50,143,71000,71500,0.490643,1019.070199,643664,32.7
C-listener-limit50,144,71500,72000,0.507737,984.761554,643712,33.2
C-listener-limit50,145,72000,72500,0.445990,1121.101893,645328,33.7
C-listener-limit50,146,72500,73000,0.535927,932.962450,645344,34.2
C-listener-limit50,147,73000,73500,0.495794,1008.483616,645408,34.7
C-listener-limit50,148,73500,74000,0.420726,1188.422859,647072,35.1
C-listener-limit50,149,74000,74500,0.521776,958.266457,647088,35.6
C-listener-limit50,150,74500,75000,0.551708,906.276919,647120,36.2
C-listener-limit50,151,75000,75500,0.436247,1146.140233,648752,36.6
C-listener-limit50,152,75500,76000,0.501573,996.864363,648768,37.1
C-listener-limit50,153,76000,76500,0.490080,1020.240552,648816,37.6
C-listener-limit50,154,76500,77000,0.470447,1062.819826,648832,38.1
C-listener-limit50,155,77000,77500,0.498242,1003.528909,648864,38.6
C-listener-limit50,156,77500,78000,0.511856,976.837632,650000,39.1
C-listener-limit50,157,78000,78500,0.518241,964.801392,650000,39.6
C-listener-limit50,158,78500,79000,0.523103,955.834855,650016,40.1
C-listener-limit50,159,79000,79500,0.544076,918.988625,650064,40.7
C-listener-limit50,160,79500,80000,0.560261,892.440405,650144,41.3
C-listener-limit50,161,80000,80500,0.553993,902.537869,650144,41.8
C-listener-limit50,162,80500,81000,0.612481,816.352021,656592,42.4
C-listener-limit50,163,81000,81500,0.530866,941.856973,656592,43.0
C-listener-limit50,164,81500,82000,0.526936,948.882662,656608,43.5
C-listener-limit50,165,82000,82500,0.455268,1098.255120,660336,43.9
C-listener-limit50,166,82500,83000,0.579213,863.239609,654176,44.5
C-listener-limit50,167,83000,83500,0.579469,862.859114,653248,45.1
C-listener-limit50,168,83500,84000,0.540424,925.199615,654928,45.6
C-listener-limit50,169,84000,84500,0.529660,944.001144,654960,46.2
C-listener-limit50,170,84500,85000,0.567709,880.733623,656896,46.7
C-listener-limit50,171,85000,85500,0.535093,934.417371,656896,47.3
C-listener-limit50,172,85500,86000,0.570799,875.965478,656240,47.9
C-listener-limit50,173,86000,86500,0.527869,947.205377,658896,48.4
C-listener-limit50,174,86500,87000,0.555882,899.471268,658896,48.9
C-listener-limit50,175,87000,87500,0.558298,895.579800,661456,49.5
C-listener-limit50,176,87500,88000,0.571559,874.799817,661568,50.1
C-listener-limit50,177,88000,88500,0.579869,862.263657,661568,50.6
C-listener-limit50,178,88500,89000,0.570876,875.846752,664224,51.2
C-listener-limit50,179,89000,89500,0.558074,895.938531,664112,51.8
C-listener-limit50,180,89500,90000,0.566272,882.967968,667056,52.3
C-listener-limit50,181,90000,90500,0.591445,845.387204,667056,52.9
C-listener-limit50,182,90500,91000,0.624076,801.185060,669696,53.6
C-listener-limit50,183,91000,91500,0.571111,875.485912,669712,54.1
C-listener-limit50,184,91500,92000,0.585828,853.492165,669728,54.7
C-listener-limit50,185,92000,92500,0.577597,865.656152,669872,55.3
C-listener-limit50,186,92500,93000,0.673617,742.261828,669920,56.0
C-listener-limit50,187,93000,93500,0.703522,710.709407,675936,56.7
C-listener-limit50,188,93500,94000,0.728568,686.277464,675936,57.4
C-listener-limit50,189,94000,94500,0.606772,824.032354,687600,58.0
C-listener-limit50,190,94500,95000,0.711161,703.075222,687696,58.7
C-listener-limit50,191,95000,95500,0.570504,876.418748,696400,59.3
C-listener-limit50,192,95500,96000,0.715062,699.240066,696480,60.0
C-listener-limit50,193,96000,96500,0.659577,758.062133,697536,60.7
C-listener-limit50,194,96500,97000,0.758180,659.474403,697600,61.4
C-listener-limit50,195,97000,97500,0.605057,826.368653,698656,62.0
C-listener-limit50,196,97500,98000,0.698341,715.983063,698672,62.7
C-listener-limit50,197,98000,98500,0.684896,730.037490,700608,63.4
C-listener-limit50,198,98500,99000,0.692796,721.712827,700672,64.1
C-listener-limit50,199,99000,99500,0.639857,781.424548,700912,64.8
C-listener-limit50,200,99500,100000,0.708592,705.624965,700976,65.5
